MULTIPOLYGON (((-46.307353000000006 -0.150063, -46.307353000000006 -0.135063, -46.307353000000006 0.134938, -46.307353000000006 0.149938, -46.307353000000006 0.449938, -46.007353 0.449938, -45.992353 0.449938, -45.722353000000005 0.449938, -45.707353000000005 0.449938, -45.407353 0.449938, -45.407353 0.149938, -45.407353 0.134938, -45.407353 -0.135063, -45.407353 -0.150063, -45.407353 -0.450063, -45.707353000000005 -0.450063, -45.722353000000005 -0.450063, -45.992353 -0.450063, -46.007353 -0.450063, -46.307353000000006 -0.450063, -46.307353000000006 -0.150063)), ((-44.776919 -0.025063, -44.776919 -0.022563, -44.776919 0.022438, -44.776919 0.024938, -44.776919 0.074938, -44.726919 0.074938, -44.724419000000005 0.074938, -44.679419 0.074938, -44.676919000000005 0.074938, -44.626919 0.074938, -44.626919 0.024938, -44.626919 0.022438, -44.626919 -0.022563, -44.626919 -0.025063, -44.626919 -0.075063, -44.676919000000005 -0.075063, -44.679419 -0.075063, -44.724419000000005 -0.075063, -44.726919 -0.075063, -44.776919 -0.075063, -44.776919 -0.025063)), ((-44.279087 -0.0075, -44.279087 0.0025, -44.279087 0.0125, -44.279087 0.0225, -44.279087 0.0325, -44.279087 0.0425, -44.279087 0.0525, -44.279087 0.0625, -44.279087 0.0725, -44.279087 0.0825, -44.279087 0.0925, -44.279087 0.1025, -44.279087 0.155, -44.279087 0.215, -44.279087 0.265, -44.279087 0.265851, -44.280079 0.267835, -43.72457 0.267835, -43.72457 -0.270811, -44.279087 -0.270811, -44.279087 -0.245, -44.279087 -0.185, -44.279087 -0.135, -44.279087 -0.0975, -44.279087 -0.0875, -44.279087 -0.0775, -44.279087 -0.0675, -44.279087 -0.0575, -44.279087 -0.0475, -44.279087 -0.0375, -44.279087 -0.0275, -44.279087 -0.0175, -44.279087 -0.0075), (-44.0225 -0.215, -44.017900000000004 -0.215, -44.0175 -0.215, -44.0175 -0.185, -44.0176 -0.185, -44.0225 -0.185, -44.0225 -0.215), (-44.0325 -0.215, -44.0281 -0.215, -44.0275 -0.215, -44.0275 -0.185, -44.02765 -0.185, -44.0325 -0.185, -44.0325 -0.215), (-44.1025 -0.245, -44.1025 -0.265, -44.0975 -0.265, -44.0975 -0.245, -44.0995 -0.245, -44.1025 -0.245), (-44.1025 -0.215, -44.0995 -0.215, -44.0975 -0.215, -44.0975 -0.185, -44.098 -0.185, -44.1025 -0.185, -44.1025 -0.215), (-44.0425 -0.215, -44.0383 -0.215, -44.0375 -0.215, -44.0375 -0.185, -44.0377 -0.185, -44.0425 -0.185, -44.0425 -0.215), (-43.9923 -0.215, -43.9875 -0.215, -43.9875 -0.185, -43.992450000000005 -0.185, -43.9925 -0.185, -43.9925 -0.215, -43.9923 -0.215), (-44.0525 -0.215, -44.0485 -0.215, -44.0475 -0.215, -44.0475 -0.185, -44.04775 -0.185, -44.0525 -0.185, -44.0525 -0.215), (-44.0525 -0.245, -44.0525 -0.255, -44.0475 -0.255, -44.0475 -0.245, -44.0485 -0.245, -44.0525 -0.245), (-44.0625 -0.215, -44.0587 -0.215, -44.0575 -0.215, -44.0575 -0.185, -44.0578 -0.185, -44.0625 -0.185, -44.0625 -0.215), (-44.0125 -0.215, -44.00770000000001 -0.215, -44.0075 -0.215, -44.0075 -0.185, -44.00755 -0.185, -44.0125 -0.185, -44.0125 -0.215), (-44.0925 -0.215, -44.0893 -0.215, -44.0875 -0.215, -44.0875 -0.185, -44.087950000000006 -0.185, -44.0925 -0.185, -44.0925 -0.215), (-44.0725 -0.215, -44.0689 -0.215, -44.0675 -0.215, -44.0675 -0.185, -44.06785 -0.185, -44.0725 -0.185, -44.0725 -0.215), (-44.0025 -0.265, -43.9975 -0.265, -43.9975 -0.245, -44.0025 -0.245, -44.0025 -0.265), (-43.9975 -0.185, -44.0025 -0.185, -44.0025 -0.215, -43.9975 -0.215, -43.9975 -0.185), (-44.0825 -0.215, -44.0791 -0.215, -44.0775 -0.215, -44.0775 -0.185, -44.0779 -0.185, -44.0825 -0.185, -44.0825 -0.215), (-44.1025 -0.155, -44.098 -0.155, -44.0975 -0.155, -44.0975 -0.145, -44.0975 -0.135, -44.1025 -0.135, -44.1025 -0.155), (-43.9975 -0.155, -43.9975 -0.145, -43.9975 -0.135, -44.0025 -0.135, -44.0025 -0.155, -43.9975 -0.155), (-44.04775 -0.155, -44.0475 -0.155, -44.0475 -0.145, -44.0525 -0.145, -44.0525 -0.155, -44.04775 -0.155), (-44.185 -0.0985, -44.185 -0.0975, -44.215 -0.0975, -44.215 -0.1025, -44.185 -0.1025, -44.185 -0.0985), (-44.155 -0.1025, -44.135 -0.1025, -44.135 -0.0975, -44.155 -0.0975, -44.155 -0.0985, -44.155 -0.1025), (-44.215 -0.092, -44.215 -0.0925, -44.185 -0.0925, -44.185 -0.0884, -44.185 -0.0875, -44.215 -0.0875, -44.215 -0.092), (-44.215 -0.0815, -44.215 -0.0825, -44.185 -0.0825, -44.185 -0.0783, -44.185 -0.0775, -44.215 -0.0775, -44.215 -0.0815), (-44.215 -0.071, -44.215 -0.0725, -44.185 -0.0725, -44.185 -0.0682, -44.185 -0.0675, -44.215 -0.0675, -44.215 -0.071), (-44.215 -0.0605, -44.215 -0.0625, -44.185 -0.0625, -44.185 -0.0581, -44.185 -0.0575, -44.215 -0.0575, -44.215 -0.0605), (-44.245 -0.05, -44.245 -0.0475, -44.255 -0.0475, -44.255 -0.0525, -44.245 -0.0525, -44.245 -0.05), (-44.215 -0.05, -44.215 -0.0525, -44.185 -0.0525, -44.185 -0.048, -44.185 -0.0475, -44.215 -0.0475, -44.215 -0.05), (-44.155 -0.0525, -44.145 -0.0525, -44.145 -0.0475, -44.155 -0.0475, -44.155 -0.048, -44.155 -0.0525), (-44.185 -0.0425, -44.185 -0.040808, -44.185 -0.0379, -44.185 -0.0375, -44.215 -0.0375, -44.215 -0.0395, -44.215 -0.0425, -44.185 -0.0425), (-44.185 -0.0278, -44.185 -0.0275, -44.215 -0.0275, -44.215 -0.029, -44.215 -0.0325, -44.185 -0.0325, -44.185 -0.0278), (-44.185 -0.0175, -44.215 -0.0175, -44.215 -0.0185, -44.215 -0.0225, -44.185 -0.0225, -44.185 -0.0177, -44.185 -0.0175), (-44.215 -0.0075, -44.215 -0.008, -44.215 -0.0125, -44.185 -0.0125, -44.185 -0.0076, -44.185 -0.0075, -44.215 -0.0075), (-44.0975 0.255, -44.0975 0.265, -44.1025 0.265, -44.1025 0.245, -44.0975 0.245, -44.0975 0.255), (-43.9975 0.255, -43.9975 0.265, -44.0025 0.265, -44.0025 0.245, -43.9975 0.245, -43.9975 0.255), (-43.9025 0.245, -43.8975 0.245, -43.8975 0.265, -43.9025 0.265, -43.9025 0.245), (-43.9525 0.255, -43.9525 0.245, -43.95 0.245, -43.9475 0.245, -43.9475 0.255, -43.9525 0.255), (-44.0525 0.255, -44.0525 0.245, -44.05 0.245, -44.0475 0.245, -44.0475 0.255, -44.0525 0.255), (-44.1025 0.215, -44.1025 0.185, -44.0985 0.185, -44.0975 0.185, -44.0975 0.215, -44.1025 0.215), (-44.092 0.215, -44.0925 0.215, -44.0925 0.185, -44.0884 0.185, -44.0875 0.185, -44.0875 0.215, -44.092 0.215), (-44.0775 0.215, -44.0815 0.215, -44.0825 0.215, -44.0825 0.185, -44.078300000000006 0.185, -44.0775 0.185, -44.0775 0.215), (-44.0675 0.215, -44.071 0.215, -44.0725 0.215, -44.0725 0.185, -44.068200000000004 0.185, -44.0675 0.185, -44.0675 0.215), (-44.0575 0.215, -44.0605 0.215, -44.0625 0.215, -44.0625 0.185, -44.058099999999996 0.185, -44.0575 0.185, -44.0575 0.215), (-44.0475 0.215, -44.05 0.215, -44.0525 0.215, -44.0525 0.185, -44.048 0.185, -44.0475 0.185, -44.0475 0.215), (-44.0375 0.215, -44.0395 0.215, -44.0425 0.215, -44.0425 0.185, -44.0379 0.185, -44.0375 0.185, -44.0375 0.215), (-44.0275 0.215, -44.029 0.215, -44.0325 0.215, -44.0325 0.185, -44.027800000000006 0.185, -44.0275 0.185, -44.0275 0.215), (-44.0175 0.215, -44.0185 0.215, -44.0225 0.215, -44.0225 0.185, -44.017700000000005 0.185, -44.0175 0.185, -44.0175 0.215), (-44.0075 0.215, -44.008 0.215, -44.0125 0.215, -44.0125 0.185, -44.0076 0.185, -44.0075 0.185, -44.0075 0.215), (-44.0025 0.185, -43.9975 0.185, -43.9975 0.215, -44.0025 0.215, -44.0025 0.185), (-43.9875 0.215, -43.992 0.215, -43.9925 0.215, -43.9925 0.185, -43.9924 0.185, -43.9875 0.185, -43.9875 0.215), (-43.9815 0.215, -43.9825 0.215, -43.9825 0.185, -43.9823 0.185, -43.9775 0.185, -43.9775 0.215, -43.9815 0.215), (-43.971 0.215, -43.9725 0.215, -43.9725 0.185, -43.9722 0.185, -43.9675 0.185, -43.9675 0.215, -43.971 0.215), (-43.9605 0.215, -43.9625 0.215, -43.9625 0.185, -43.9621 0.185, -43.9575 0.185, -43.9575 0.215, -43.9605 0.215), (-43.95 0.215, -43.9525 0.215, -43.9525 0.185, -43.952 0.185, -43.9475 0.185, -43.9475 0.215, -43.95 0.215), (-43.9395 0.215, -43.9425 0.215, -43.9425 0.185, -43.941900000000004 0.185, -43.9375 0.185, -43.9375 0.215, -43.9395 0.215), (-43.929 0.215, -43.9325 0.215, -43.9325 0.185, -43.9318 0.185, -43.9275 0.185, -43.9275 0.215, -43.929 0.215), (-43.9185 0.215, -43.9225 0.215, -43.9225 0.185, -43.9217 0.185, -43.9175 0.185, -43.9175 0.215, -43.9185 0.215), (-43.908 0.215, -43.9125 0.215, -43.9125 0.185, -43.9116 0.185, -43.9075 0.185, -43.9075 0.215, -43.908 0.215), (-43.9025 0.215, -43.9025 0.185, -43.9015 0.185, -43.8975 0.185, -43.8975 0.215, -43.9025 0.215), (-44.0985 0.155, -44.1025 0.155, -44.1025 0.135, -44.0975 0.135, -44.0975 0.155, -44.0985 0.155), (-44.048 0.155, -44.0525 0.155, -44.0525 0.145, -44.0475 0.145, -44.0475 0.155, -44.048 0.155), (-44.0025 0.135, -43.9975 0.135, -43.9975 0.155, -44.0025 0.155, -44.0025 0.135), (-43.9525 0.155, -43.9525 0.145, -43.9475 0.145, -43.9475 0.155, -43.952 0.155, -43.9525 0.155), (-43.9025 0.155, -43.9025 0.135, -43.8975 0.135, -43.8975 0.155, -43.9015 0.155, -43.9025 0.155), (-44.265 0.0975, -44.245 0.0975, -44.245 0.1025, -44.265 0.1025, -44.265 0.0975), (-44.185 0.1025, -44.215 0.1025, -44.215 0.0975, -44.185 0.0975, -44.185 0.0985, -44.185 0.1025), (-44.155 0.1025, -44.155 0.0985, -44.155 0.0975, -44.135 0.0975, -44.135 0.1025, -44.155 0.1025), (-43.865 0.1025, -43.865 0.0975, -43.845 0.0975, -43.845 0.098, -43.845 0.1025, -43.865 0.1025), (-43.785 0.1025, -43.815 0.1025, -43.815 0.098, -43.815 0.0975, -43.785 0.0975, -43.785 0.0995, -43.785 0.1025), (-43.755 0.1025, -43.755 0.0995, -43.755 0.0975, -43.735 0.0975, -43.735 0.1025, -43.755 0.1025), (-44.215 0.0875, -44.185 0.0875, -44.185 0.0884, -44.185 0.09, -44.185 0.0925, -44.215 0.0925, -44.215 0.092, -44.215 0.0875), (-43.785 0.0925, -43.815 0.0925, -43.815 0.08795, -43.815 0.0875, -43.785 0.0875, -43.785 0.0893, -43.785 0.0925), (-43.997 -0.0175, -43.997 -0.0075, -43.997 -0.003, -43.91 -0.003, -43.91 0.0025, -43.91 0.003, -43.997 0.003, -43.997 0.0125, -43.997 0.0225, -43.997 0.0325, -43.997 0.059192, -43.997 0.0625, -43.997 0.0725, -43.997 0.0825, -43.997 0.09, -44.003 0.09, -44.003 0.003, -44.09 0.003, -44.09 -0.003, -44.003 -0.003, -44.003 -0.09, -43.997 -0.09, -43.997 -0.0875, -43.997 -0.0775, -43.997 -0.0675, -43.997 -0.040808, -43.997 -0.0375, -43.997 -0.0275, -43.997 -0.0175), (-43.785 0.0825, -43.815 0.0825, -43.815 0.0779, -43.815 0.0775, -43.785 0.0775, -43.785 0.0791, -43.785 0.0825), (-43.785 0.0725, -43.815 0.0725, -43.815 0.06785, -43.815 0.0675, -43.785 0.0675, -43.785 0.0689, -43.785 0.0725), (-43.785 0.0625, -43.815 0.0625, -43.815 0.0578, -43.815 0.0575, -43.785 0.0575, -43.785 0.0587, -43.785 0.0625), (-43.959192 0.04505, -43.954950000000004 0.040808, -43.953258 0.0425, -43.943258 0.0525, -43.940808000000004 0.05495, -43.94505 0.059192, -43.959192 0.04505), (-43.785 0.0425, -43.815 0.0425, -43.815 0.0377, -43.815 0.0375, -43.785 0.0375, -43.785 0.0383, -43.785 0.0425), (-43.855 0.0525, -43.855 0.0475, -43.845 0.0475, -43.845 0.04775, -43.845 0.0525, -43.855 0.0525), (-43.785 0.0525, -43.815 0.0525, -43.815 0.04775, -43.815 0.0475, -43.785 0.0475, -43.785 0.0485, -43.785 0.0525), (-43.755 0.0525, -43.755 0.0485, -43.755 0.0475, -43.745 0.0475, -43.745 0.0525, -43.755 0.0525), (-43.785 0.0325, -43.815 0.0325, -43.815 0.02765, -43.815 0.0275, -43.785 0.0275, -43.785 0.0281, -43.785 0.0325), (-43.785 0.0225, -43.815 0.0225, -43.815 0.0176, -43.815 0.0175, -43.785 0.0175, -43.785 0.0179, -43.785 0.0225), (-43.785 0.0125, -43.815 0.0125, -43.815 0.00755, -43.815 0.0075, -43.785 0.0075, -43.785 0.0077, -43.785 0.0125), (-43.865 -0.0025, -43.845 -0.0025, -43.845 0.0025, -43.865 0.0025, -43.865 -0.0025), (-43.815 -0.0025, -43.785 -0.0025, -43.785 0.0025, -43.815 0.0025, -43.815 -0.0025), (-43.755 -0.0025, -43.735 -0.0025, -43.735 0.0025, -43.755 0.0025, -43.755 -0.0025), (-43.785 -0.0075, -43.815 -0.0075, -43.815 -0.00755, -43.815 -0.0125, -43.785 -0.0125, -43.785 -0.0077, -43.785 -0.0075), (-43.785 -0.0175, -43.815 -0.0175, -43.815 -0.0176, -43.815 -0.0225, -43.785 -0.0225, -43.785 -0.0179, -43.785 -0.0175), (-43.785 -0.0275, -43.815 -0.0275, -43.815 -0.02765, -43.815 -0.0325, -43.785 -0.0325, -43.785 -0.0281, -43.785 -0.0275), (-43.785 -0.0375, -43.815 -0.0375, -43.815 -0.0377, -43.815 -0.0425, -43.785 -0.0425, -43.785 -0.0383, -43.785 -0.0375), (-43.959192 -0.04505, -43.94505 -0.059192, -43.943358 -0.0575, -43.940808000000004 -0.05495, -43.948258 -0.0475, -43.954950000000004 -0.040808, -43.959192 -0.04505), (-43.785 -0.0575, -43.815 -0.0575, -43.815 -0.0578, -43.815 -0.0625, -43.785 -0.0625, -43.785 -0.0587, -43.785 -0.0575), (-43.855 -0.0475, -43.855 -0.0525, -43.845 -0.0525, -43.845 -0.04775, -43.845 -0.0475, -43.855 -0.0475), (-43.785 -0.0475, -43.815 -0.0475, -43.815 -0.04775, -43.815 -0.0525, -43.785 -0.0525, -43.785 -0.0485, -43.785 -0.0475), (-43.755 -0.0475, -43.755 -0.0485, -43.755 -0.0525, -43.745 -0.0525, -43.745 -0.0475, -43.755 -0.0475), (-43.785 -0.0675, -43.815 -0.0675, -43.815 -0.06785, -43.815 -0.0725, -43.785 -0.0725, -43.785 -0.0689, -43.785 -0.0675), (-43.785 -0.0775, -43.815 -0.0775, -43.815 -0.0779, -43.815 -0.0825, -43.785 -0.0825, -43.785 -0.0791, -43.785 -0.0775), (-43.785 -0.0875, -43.815 -0.0875, -43.815 -0.08795, -43.815 -0.0925, -43.785 -0.0925, -43.785 -0.0893, -43.785 -0.0875), (-44.185 0.0783, -44.185 0.0825, -44.215 0.0825, -44.215 0.0815, -44.215 0.0775, -44.185 0.0775, -44.185 0.0783), (-44.185 0.0682, -44.185 0.0725, -44.215 0.0725, -44.215 0.071, -44.215 0.0675, -44.185 0.0675, -44.185 0.0682), (-44.215 0.0575, -44.185 0.0575, -44.185 0.0581, -44.185 0.058192, -44.185 0.0625, -44.215 0.0625, -44.215 0.0605, -44.215 0.0575), (-44.058192000000005 0.05395, -44.044050000000006 0.039808, -44.03980800000001 0.04405, -44.05395000000001 0.058192, -44.058192000000005 0.05395), (-44.245 0.0525, -44.255 0.0525, -44.255 0.0475, -44.245 0.0475, -44.245 0.05, -44.245 0.0525), (-44.185 0.048, -44.185 0.0525, -44.215 0.0525, -44.215 0.05, -44.215 0.0475, -44.185 0.0475, -44.185 0.048), (-44.155 0.0525, -44.155 0.048, -44.155 0.0475, -44.145 0.0475, -44.145 0.0525, -44.155 0.0525), (-44.185 0.0379, -44.185 0.0425, -44.215 0.0425, -44.215 0.0395, -44.215 0.0375, -44.185 0.0375, -44.185 0.0379), (-44.185 0.0278, -44.185 0.0325, -44.215 0.0325, -44.215 0.029, -44.215 0.0275, -44.185 0.0275, -44.185 0.0278), (-44.185 0.0177, -44.185 0.0225, -44.215 0.0225, -44.215 0.0185, -44.215 0.0175, -44.185 0.0175, -44.185 0.0177), (-44.185 0.0076, -44.185 0.0125, -44.215 0.0125, -44.215 0.008, -44.215 0.0075, -44.185 0.0075, -44.185 0.0076), (-44.265 -0.0025, -44.245 -0.0025, -44.245 0.0025, -44.265 0.0025, -44.265 -0.0025), (-44.215 -0.0025, -44.185 -0.0025, -44.185 0.0025, -44.215 0.0025, -44.215 -0.0025), (-44.155 -0.0025, -44.135 -0.0025, -44.135 0.0025, -44.155 0.0025, -44.155 -0.0025), (-44.059192 -0.05495, -44.054950000000005 -0.059192, -44.040808000000006 -0.04505, -44.04505 -0.040808, -44.059192 -0.05495), (-44.265 -0.1025, -44.245 -0.1025, -44.245 -0.0975, -44.265 -0.0975, -44.265 -0.1025), (-43.865 -0.0975, -43.865 -0.1025, -43.845 -0.1025, -43.845 -0.098, -43.845 -0.0975, -43.865 -0.0975), (-43.785 -0.0975, -43.815 -0.0975, -43.815 -0.098, -43.815 -0.1025, -43.785 -0.1025, -43.785 -0.0995, -43.785 -0.0975), (-43.755 -0.0975, -43.755 -0.0995, -43.755 -0.1025, -43.735 -0.1025, -43.735 -0.0975, -43.755 -0.0975), (-43.9025 -0.135, -43.9025 -0.155, -43.902 -0.155, -43.8975 -0.155, -43.8975 -0.135, -43.9025 -0.135), (-43.9525 -0.145, -43.9525 -0.155, -43.95225 -0.155, -43.9475 -0.155, -43.9475 -0.145, -43.9525 -0.145), (-43.9824 -0.185, -43.9825 -0.185, -43.9825 -0.215, -43.982099999999996 -0.215, -43.9775 -0.215, -43.9775 -0.185, -43.9824 -0.185), (-43.97235 -0.185, -43.9725 -0.185, -43.9725 -0.215, -43.9719 -0.215, -43.9675 -0.215, -43.9675 -0.185, -43.97235 -0.185), (-43.962300000000006 -0.185, -43.9625 -0.185, -43.9625 -0.215, -43.96170000000001 -0.215, -43.9575 -0.215, -43.9575 -0.185, -43.962300000000006 -0.185), (-43.95225 -0.185, -43.9525 -0.185, -43.9525 -0.215, -43.9515 -0.215, -43.9475 -0.215, -43.9475 -0.185, -43.95225 -0.185), (-43.94220000000001 -0.185, -43.9425 -0.185, -43.9425 -0.215, -43.941300000000005 -0.215, -43.9375 -0.215, -43.9375 -0.185, -43.94220000000001 -0.185), (-43.93215 -0.185, -43.9325 -0.185, -43.9325 -0.215, -43.9311 -0.215, -43.9275 -0.215, -43.9275 -0.185, -43.93215 -0.185), (-43.9221 -0.185, -43.9225 -0.185, -43.9225 -0.215, -43.9209 -0.215, -43.9175 -0.215, -43.9175 -0.185, -43.9221 -0.185), (-43.91205 -0.185, -43.9125 -0.185, -43.9125 -0.215, -43.910700000000006 -0.215, -43.9075 -0.215, -43.9075 -0.185, -43.91205 -0.185), (-43.902 -0.185, -43.9025 -0.185, -43.9025 -0.215, -43.9005 -0.215, -43.8975 -0.215, -43.8975 -0.185, -43.902 -0.185), (-43.9525 -0.245, -43.9525 -0.255, -43.9475 -0.255, -43.9475 -0.245, -43.9515 -0.245, -43.9525 -0.245), (-43.9025 -0.245, -43.9025 -0.265, -43.8975 -0.265, -43.8975 -0.245, -43.9005 -0.245, -43.9025 -0.245)), ((-43.537 -0.115, -43.545 -0.115, -43.545 -0.118, -43.539 -0.118, -43.537 -0.12, -43.537 -0.125, -43.539 -0.127, -43.545 -0.127, -43.547 -0.125, -43.547 -0.123, -43.545 -0.123, -43.545 -0.124, -43.544 -0.125, -43.54 -0.125, -43.539 -0.124, -43.539 -0.121, -43.54 -0.12, -43.547 -0.12, -43.547 -0.113, -43.537 -0.113, -43.537 -0.115)), ((-43.525 -0.115, -43.525 -0.125, -43.527 -0.127, -43.533 -0.127, -43.535 -0.125, -43.535 -0.115, -43.533 -0.113, -43.527 -0.113, -43.525 -0.115), (-43.532 -0.125, -43.528 -0.125, -43.527 -0.124, -43.527 -0.116, -43.528 -0.115, -43.532 -0.115, -43.533 -0.116, -43.533 -0.124, -43.532 -0.125)), ((-43.531 -0.118, -43.529 -0.118, -43.529 -0.122, -43.531 -0.122, -43.531 -0.118)), ((-43.565 -0.0975, -43.545 -0.0975, -43.545 -0.1025, -43.565 -0.1025, -43.565 -0.0975)), ((-43.485 -0.0884, -43.455 -0.0884, -43.455 -0.0934, -43.485 -0.0934, -43.485 -0.0925, -43.515 -0.0925, -43.515 -0.097, -43.545 -0.097, -43.545 -0.092, -43.515 -0.092, -43.515 -0.0875, -43.485 -0.0875, -43.485 -0.0884)), ((-43.485 -0.0783, -43.455 -0.0783, -43.455 -0.0833, -43.485 -0.0833, -43.485 -0.0825, -43.515 -0.0825, -43.515 -0.0865, -43.545 -0.0865, -43.545 -0.0815, -43.515 -0.0815, -43.515 -0.0775, -43.485 -0.0775, -43.485 -0.0783)), ((-43.485 -0.0682, -43.455 -0.0682, -43.455 -0.0732, -43.485 -0.0732, -43.485 -0.0725, -43.515 -0.0725, -43.515 -0.076, -43.545 -0.076, -43.545 -0.071, -43.515 -0.071, -43.515 -0.0675, -43.485 -0.0675, -43.485 -0.0682)), ((-43.515 -0.0605, -43.515 -0.0575, -43.485 -0.0575, -43.485 -0.0581, -43.455 -0.0581, -43.455 -0.0631, -43.485 -0.0631, -43.485 -0.0625, -43.515 -0.0625, -43.515 -0.0655, -43.545 -0.0655, -43.545 -0.0605, -43.515 -0.0605)), ((-43.485 -0.048, -43.455 -0.048, -43.455 -0.0475, -43.445 -0.0475, -43.445 -0.0525, -43.455 -0.0525, -43.455 -0.053, -43.485 -0.053, -43.485 -0.0525, -43.515 -0.0525, -43.515 -0.055, -43.545 -0.055, -43.545 -0.0525, -43.555 -0.0525, -43.555 -0.0475, -43.545 -0.0475, -43.545 -0.05, -43.515 -0.05, -43.515 -0.0475, -43.485 -0.0475, -43.485 -0.048)), ((-43.485 -0.0379, -43.455 -0.0379, -43.455 -0.0429, -43.485 -0.0429, -43.485 -0.0425, -43.515 -0.0425, -43.515 -0.0445, -43.545 -0.0445, -43.545 -0.0395, -43.515 -0.0395, -43.515 -0.0375, -43.485 -0.0375, -43.485 -0.0379)), ((-43.485 -0.0278, -43.455 -0.0278, -43.455 -0.0328, -43.485 -0.0328, -43.485 -0.0325, -43.515 -0.0325, -43.515 -0.034, -43.545 -0.034, -43.545 -0.029, -43.515 -0.029, -43.515 -0.0275, -43.485 -0.0275, -43.485 -0.0278)), ((-43.485 -0.0177, -43.455 -0.0177, -43.455 -0.0227, -43.485 -0.0227, -43.485 -0.0225, -43.515 -0.0225, -43.515 -0.0235, -43.545 -0.0235, -43.545 -0.0185, -43.515 -0.0185, -43.515 -0.0175, -43.485 -0.0175, -43.485 -0.0177)), ((-43.455 0.0025, -43.435 0.0025, -43.435 -0.0025, -43.455 -0.0025, -43.485 -0.0025, -43.515 -0.0025, -43.545 -0.0025, -43.565 -0.0025, -43.565 0.0025, -43.545 0.0025, -43.515 0.0025, -43.485 0.0025, -43.455 0.0025)), ((-43.485 0.0126, -43.455 0.0126, -43.455 0.0076, -43.485 0.0076, -43.485 0.0075, -43.515 0.0075, -43.515 0.008, -43.545 0.008, -43.545 0.013, -43.515 0.013, -43.515 0.0125, -43.485 0.0125, -43.485 0.0126)), ((-43.485 0.0227, -43.455 0.0227, -43.455 0.0177, -43.485 0.0177, -43.485 0.0175, -43.515 0.0175, -43.515 0.0185, -43.545 0.0185, -43.545 0.0235, -43.515 0.0235, -43.515 0.0225, -43.485 0.0225, -43.485 0.0227)), ((-43.485 0.0328, -43.455 0.0328, -43.455 0.0278, -43.485 0.0278, -43.485 0.0275, -43.515 0.0275, -43.515 0.029, -43.545 0.029, -43.545 0.034, -43.515 0.034, -43.515 0.0325, -43.485 0.0325, -43.485 0.0328)), ((-43.455 0.0429, -43.455 0.0379, -43.485 0.0379, -43.485 0.0375, -43.515 0.0375, -43.515 0.0395, -43.545 0.0395, -43.545 0.0445, -43.515 0.0445, -43.515 0.0425, -43.485 0.0425, -43.485 0.0429, -43.455 0.0429)), ((-43.555 0.0525, -43.545 0.0525, -43.545 0.055, -43.515 0.055, -43.515 0.0525, -43.485 0.0525, -43.485 0.053, -43.455 0.053, -43.455 0.0525, -43.445 0.0525, -43.445 0.0475, -43.455 0.0475, -43.455 0.048, -43.485 0.048, -43.485 0.0475, -43.515 0.0475, -43.515 0.05, -43.545 0.05, -43.545 0.0475, -43.555 0.0475, -43.555 0.0525)), ((-43.485 0.0631, -43.455 0.0631, -43.455 0.0581, -43.485 0.0581, -43.485 0.0575, -43.515 0.0575, -43.515 0.0605, -43.545 0.0605, -43.545 0.0655, -43.515 0.0655, -43.515 0.0625, -43.485 0.0625, -43.485 0.0631)), ((-43.485 0.0732, -43.455 0.0732, -43.455 0.0682, -43.485 0.0682, -43.485 0.0675, -43.515 0.0675, -43.515 0.071, -43.545 0.071, -43.545 0.076, -43.515 0.076, -43.515 0.0725, -43.485 0.0725, -43.485 0.0732)), ((-43.485 0.0833, -43.455 0.0833, -43.455 0.0783, -43.485 0.0783, -43.485 0.0775, -43.515 0.0775, -43.515 0.0815, -43.545 0.0815, -43.545 0.0865, -43.515 0.0865, -43.515 0.0825, -43.485 0.0825, -43.485 0.0833)), ((-43.485 0.0934, -43.455 0.0934, -43.455 0.0884, -43.485 0.0884, -43.485 0.0875, -43.515 0.0875, -43.515 0.092, -43.545 0.092, -43.545 0.097, -43.515 0.097, -43.515 0.0925, -43.485 0.0925, -43.485 0.0934)), ((-43.565 0.1025, -43.545 0.1025, -43.545 0.0975, -43.565 0.0975, -43.565 0.1025)), ((-43.545 0.1075, -43.515 0.1075, -43.515 0.1025, -43.545 0.1025, -43.545 0.1075)), ((-43.4025 -0.135, -43.3975 -0.135, -43.3975 -0.155, -43.398 -0.155, -43.398 -0.185, -43.3975 -0.185, -43.3975 -0.215, -43.3995 -0.215, -43.3995 -0.245, -43.3975 -0.245, -43.3975 -0.265, -43.4025 -0.265, -43.4025 -0.245, -43.4045 -0.245, -43.4045 -0.215, -43.4025 -0.215, -43.4025 -0.185, -43.403 -0.185, -43.403 -0.155, -43.4025 -0.155, -43.4025 -0.135)), ((-43.437859 -0.237524, -43.437859 -0.223524, -43.435859 -0.223524, -43.430859000000005 -0.228524, -43.42985900000001 -0.228524, -43.42985900000001 -0.223524, -43.427859000000005 -0.223524, -43.427859000000005 -0.237524, -43.42985900000001 -0.237524, -43.42985900000001 -0.232524, -43.434859 -0.227524, -43.435859 -0.227524, -43.435859 -0.237524, -43.437859 -0.237524)), ((-43.465859 -0.223524, -43.46385900000001 -0.225524, -43.46385900000001 -0.230524, -43.465859 -0.232524, -43.470859000000004 -0.232524, -43.471859 -0.233524, -43.471859 -0.235524, -43.46385900000001 -0.235524, -43.46385900000001 -0.237524, -43.473859000000004 -0.237524, -43.473859000000004 -0.232524, -43.471859 -0.230524, -43.46685900000001 -0.230524, -43.465859 -0.229524, -43.465859 -0.226524, -43.46685900000001 -0.225524, -43.470859000000004 -0.225524, -43.471859 -0.226524, -43.471859 -0.227524, -43.473859000000004 -0.227524, -43.473859000000004 -0.225524, -43.471859 -0.223524, -43.465859 -0.223524)), ((-43.457859000000006 -0.228524, -43.455859000000004 -0.228524, -43.455859000000004 -0.232524, -43.457859000000006 -0.232524, -43.457859000000006 -0.228524)), ((-43.451859000000006 -0.225524, -43.451859000000006 -0.235524, -43.453859 -0.237524, -43.459859 -0.237524, -43.461859000000004 -0.235524, -43.461859000000004 -0.225524, -43.459859 -0.223524, -43.453859 -0.223524, -43.451859000000006 -0.225524), (-43.459859 -0.226524, -43.459859 -0.234524, -43.458859000000004 -0.235524, -43.454859000000006 -0.235524, -43.453859 -0.234524, -43.453859 -0.226524, -43.454859000000006 -0.225524, -43.458859000000004 -0.225524, -43.459859 -0.226524)), ((-43.42385900000001 -0.227524, -43.42385900000001 -0.237524, -43.425859 -0.237524, -43.425859 -0.223524, -43.42385900000001 -0.223524, -43.421859000000005 -0.225524, -43.419859 -0.225524, -43.41785900000001 -0.223524, -43.415859000000005 -0.223524, -43.415859000000005 -0.237524, -43.41785900000001 -0.237524, -43.41785900000001 -0.227524, -43.418859000000005 -0.227524, -43.42085900000001 -0.229524, -43.422859 -0.227524, -43.42385900000001 -0.227524)), ((-43.439859000000006 -0.225524, -43.439859000000006 -0.235524, -43.441859 -0.237524, -43.447859 -0.237524, -43.449859000000004 -0.235524, -43.449859000000004 -0.225524, -43.447859 -0.223524, -43.441859 -0.223524, -43.439859000000006 -0.225524), (-43.447859 -0.226524, -43.447859 -0.234524, -43.446859 -0.235524, -43.442859000000006 -0.235524, -43.441859 -0.234524, -43.441859 -0.226524, -43.442859000000006 -0.225524, -43.446859 -0.225524, -43.447859 -0.226524)), ((-43.445859000000006 -0.228524, -43.443859 -0.228524, -43.443859 -0.232524, -43.445859000000006 -0.232524, -43.445859000000006 -0.228524)), ((-43.392950000000006 -0.155, -43.387950000000004 -0.155, -43.387950000000004 -0.185, -43.3875 -0.185, -43.3875 -0.215, -43.389300000000006 -0.215, -43.389300000000006 -0.245, -43.3943 -0.245, -43.3943 -0.215, -43.3925 -0.215, -43.3925 -0.185, -43.392950000000006 -0.185, -43.392950000000006 -0.155)), ((-43.439859000000006 -0.165118, -43.439859000000006 -0.175118, -43.441859 -0.177118, -43.447859 -0.177118, -43.449859000000004 -0.175118, -43.449859000000004 -0.165118, -43.447859 -0.163118, -43.441859 -0.163118, -43.439859000000006 -0.165118), (-43.447859 -0.166118, -43.447859 -0.174118, -43.446859 -0.175118, -43.442859000000006 -0.175118, -43.441859 -0.174118, -43.441859 -0.166118, -43.442859000000006 -0.165118, -43.446859 -0.165118, -43.447859 -0.166118)), ((-43.42385900000001 -0.167118, -43.42385900000001 -0.177118, -43.425859 -0.177118, -43.425859 -0.163118, -43.42385900000001 -0.163118, -43.421859000000005 -0.165118, -43.419859 -0.165118, -43.41785900000001 -0.163118, -43.415859000000005 -0.163118, -43.415859000000005 -0.177118, -43.41785900000001 -0.177118, -43.41785900000001 -0.167118, -43.418859000000005 -0.167118, -43.42085900000001 -0.169118, -43.422859 -0.167118, -43.42385900000001 -0.167118)), ((-43.445859000000006 -0.168118, -43.443859 -0.168118, -43.443859 -0.172118, -43.445859000000006 -0.172118, -43.445859000000006 -0.168118)), ((-43.451859000000006 -0.165118, -43.459859 -0.165118, -43.459859 -0.168118, -43.453859 -0.168118, -43.451859000000006 -0.170118, -43.451859000000006 -0.175118, -43.453859 -0.177118, -43.459859 -0.177118, -43.461859000000004 -0.175118, -43.461859000000004 -0.173118, -43.459859 -0.173118, -43.459859 -0.174118, -43.458859000000004 -0.175118, -43.454859000000006 -0.175118, -43.453859 -0.174118, -43.453859 -0.171118, -43.454859000000006 -0.170118, -43.461859000000004 -0.170118, -43.461859000000004 -0.163118, -43.451859000000006 -0.163118, -43.451859000000006 -0.165118)), ((-43.437859 -0.177118, -43.437859 -0.163118, -43.435859 -0.163118, -43.430859000000005 -0.168118, -43.42985900000001 -0.168118, -43.42985900000001 -0.163118, -43.427859000000005 -0.163118, -43.427859000000005 -0.177118, -43.42985900000001 -0.177118, -43.42985900000001 -0.172118, -43.434859 -0.167118, -43.435859 -0.167118, -43.435859 -0.177118, -43.437859 -0.177118)), ((-43.471 -0.118, -43.469 -0.118, -43.469 -0.122, -43.471 -0.122, -43.471 -0.118)), ((-43.519 -0.118, -43.517 -0.118, -43.517 -0.122, -43.519 -0.122, -43.519 -0.118)), ((-43.453 -0.115, -43.453 -0.125, -43.455 -0.127, -43.461 -0.127, -43.463 -0.125, -43.463 -0.115, -43.461 -0.113, -43.455 -0.113, -43.453 -0.115), (-43.46 -0.125, -43.456 -0.125, -43.455 -0.124, -43.455 -0.116, -43.456 -0.115, -43.46 -0.115, -43.461 -0.116, -43.461 -0.124, -43.46 -0.125)), ((-43.459 -0.118, -43.457 -0.118, -43.457 -0.122, -43.459 -0.122, -43.459 -0.118)), ((-43.465 -0.125, -43.467 -0.127, -43.473 -0.127, -43.475 -0.125, -43.475 -0.115, -43.473 -0.113, -43.467 -0.113, -43.465 -0.115, -43.465 -0.125), (-43.468 -0.125, -43.467 -0.124, -43.467 -0.116, -43.468 -0.115, -43.472 -0.115, -43.473 -0.116, -43.473 -0.124, -43.472 -0.125, -43.468 -0.125)), ((-43.513 -0.115, -43.513 -0.125, -43.515 -0.127, -43.521 -0.127, -43.523 -0.125, -43.523 -0.115, -43.521 -0.113, -43.515 -0.113, -43.513 -0.115), (-43.52 -0.125, -43.516 -0.125, -43.515 -0.124, -43.515 -0.116, -43.516 -0.115, -43.52 -0.115, -43.521 -0.116, -43.521 -0.124, -43.52 -0.125)), ((-43.487 -0.127, -43.487 -0.125, -43.483 -0.125, -43.483 -0.117, -43.484 -0.117, -43.486 -0.119, -43.487 -0.119, -43.487 -0.117, -43.483 -0.113, -43.481 -0.113, -43.481 -0.125, -43.477 -0.125, -43.477 -0.127, -43.487 -0.127)), ((-43.545 -0.1025, -43.515 -0.1025, -43.515 -0.1075, -43.545 -0.1075, -43.545 -0.1025)), ((-43.435 -0.1025, -43.455 -0.1025, -43.455 -0.1035, -43.485 -0.1035, -43.485 -0.1025, -43.515 -0.1025, -43.515 -0.0975, -43.485 -0.0975, -43.485 -0.0985, -43.455 -0.0985, -43.455 -0.0975, -43.435 -0.0975, -43.435 -0.1025)), ((-43.485 -0.0125, -43.515 -0.0125, -43.515 -0.013, -43.545 -0.013, -43.545 -0.008, -43.515 -0.008, -43.515 -0.0075, -43.485 -0.0075, -43.485 -0.0076, -43.455 -0.0076, -43.455 -0.0126, -43.485 -0.0126, -43.485 -0.0125)), ((-43.515 0.1025, -43.485 0.1025, -43.485 0.1035, -43.455 0.1035, -43.455 0.1025, -43.435 0.1025, -43.435 0.0975, -43.455 0.0975, -43.455 0.0985, -43.485 0.0985, -43.485 0.0975, -43.515 0.0975, -43.515 0.1025)), ((-43.3985 0.155, -43.3975 0.155, -43.3975 0.135, -43.4025 0.135, -43.4025 0.155, -43.4035 0.155, -43.4035 0.185, -43.4025 0.185, -43.4025 0.215, -43.3975 0.215, -43.3975 0.185, -43.3985 0.185, -43.3985 0.155)), ((-43.4075 0.245, -43.4025 0.245, -43.4025 0.215, -43.4075 0.215, -43.4075 0.245)), ((-43.3875 0.185, -43.388400000000004 0.185, -43.388400000000004 0.155, -43.3934 0.155, -43.3934 0.185, -43.3925 0.185, -43.3925 0.215, -43.397 0.215, -43.397 0.245, -43.392 0.245, -43.392 0.215, -43.3875 0.215, -43.3875 0.185)), ((-43.4025 0.265, -43.3975 0.265, -43.3975 0.245, -43.4025 0.245, -43.4025 0.265)), ((-43.3025 -0.155, -43.3025 -0.135, -43.2975 -0.135, -43.2975 -0.155, -43.2975 -0.185, -43.2975 -0.215, -43.2975 -0.245, -43.2975 -0.265, -43.3025 -0.265, -43.3025 -0.245, -43.3025 -0.215, -43.3025 -0.185, -43.3025 -0.155)), ((-43.3525 -0.185, -43.35275 -0.185, -43.35275 -0.155, -43.3525 -0.155, -43.3525 -0.145, -43.3475 -0.145, -43.3475 -0.155, -43.34775 -0.155, -43.34775 -0.185, -43.3475 -0.185, -43.3475 -0.215, -43.3485 -0.215, -43.3485 -0.245, -43.3475 -0.245, -43.3475 -0.255, -43.3525 -0.255, -43.3525 -0.245, -43.3535 -0.245, -43.3535 -0.215, -43.3525 -0.215, -43.3525 -0.185)), ((-43.3226 -0.155, -43.3176 -0.155, -43.3176 -0.185, -43.3175 -0.185, -43.3175 -0.215, -43.3179 -0.215, -43.3179 -0.245, -43.322900000000004 -0.245, -43.322900000000004 -0.215, -43.3225 -0.215, -43.3225 -0.185, -43.3226 -0.185, -43.3226 -0.155)), ((-43.34270000000001 -0.155, -43.337700000000005 -0.155, -43.337700000000005 -0.185, -43.3375 -0.185, -43.3375 -0.215, -43.338300000000004 -0.215, -43.338300000000004 -0.245, -43.343300000000006 -0.245, -43.343300000000006 -0.215, -43.3425 -0.215, -43.3425 -0.185, -43.34270000000001 -0.185, -43.34270000000001 -0.155)), ((-43.33265 -0.155, -43.32765 -0.155, -43.32765 -0.185, -43.3275 -0.185, -43.3275 -0.215, -43.3281 -0.215, -43.3281 -0.245, -43.3331 -0.245, -43.3331 -0.215, -43.3325 -0.215, -43.3325 -0.185, -43.33265 -0.185, -43.33265 -0.155)), ((-43.31255 -0.155, -43.307550000000006 -0.155, -43.307550000000006 -0.185, -43.3075 -0.185, -43.3075 -0.215, -43.307700000000004 -0.215, -43.307700000000004 -0.245, -43.31270000000001 -0.245, -43.31270000000001 -0.215, -43.3125 -0.215, -43.3125 -0.185, -43.31255 -0.185, -43.31255 -0.155)), ((-43.3841 -0.215, -43.3825 -0.215, -43.3825 -0.185, -43.3829 -0.185, -43.3829 -0.155, -43.377900000000004 -0.155, -43.377900000000004 -0.185, -43.3775 -0.185, -43.3775 -0.215, -43.3791 -0.215, -43.3791 -0.245, -43.3841 -0.245, -43.3841 -0.215)), ((-43.29245 -0.155, -43.28745000000001 -0.155, -43.28745000000001 -0.185, -43.2875 -0.185, -43.2875 -0.215, -43.2873 -0.215, -43.2873 -0.245, -43.292300000000004 -0.245, -43.292300000000004 -0.215, -43.2925 -0.215, -43.2925 -0.185, -43.29245 -0.185, -43.29245 -0.155)), ((-43.3575 -0.215, -43.358700000000006 -0.215, -43.358700000000006 -0.245, -43.3637 -0.245, -43.3637 -0.215, -43.3625 -0.215, -43.3625 -0.185, -43.3628 -0.185, -43.3628 -0.155, -43.357800000000005 -0.155, -43.357800000000005 -0.185, -43.3575 -0.185, -43.3575 -0.215)), ((-43.3675 -0.215, -43.368900000000004 -0.215, -43.368900000000004 -0.245, -43.3739 -0.245, -43.3739 -0.215, -43.3725 -0.215, -43.3725 -0.185, -43.37285 -0.185, -43.37285 -0.155, -43.36785 -0.155, -43.36785 -0.185, -43.3675 -0.185, -43.3675 -0.215)), ((-43.2771 -0.245, -43.2821 -0.245, -43.2821 -0.215, -43.2825 -0.215, -43.2825 -0.185, -43.2824 -0.185, -43.2824 -0.155, -43.2774 -0.155, -43.2774 -0.185, -43.2775 -0.185, -43.2775 -0.215, -43.2771 -0.215, -43.2771 -0.245)), ((-43.31900100000001 -0.0525, -43.30400100000001 -0.0525, -43.30400100000001 -0.0675, -43.31900100000001 -0.0675, -43.31900100000001 -0.0525)), ((-43.296001000000004 -0.0525, -43.281001 -0.0525, -43.281001 -0.0675, -43.296001000000004 -0.0675, -43.296001000000004 -0.0525)), ((-43.352475 -0.058132, -43.341868000000005 -0.047525, -43.331262 -0.058132, -43.341868000000005 -0.068738, -43.352475 -0.058132)), ((-43.359192 -0.05495, -43.34505 -0.040808, -43.340807999999996 -0.04505, -43.35495 -0.059192, -43.359192 -0.05495)), ((-43.358132 -0.031262, -43.347525000000005 -0.041868, -43.358132 -0.052475, -43.368738 -0.041868, -43.358132 -0.031262)), ((-43.303991 -0.02, -43.312011 -0.02, -43.312011 -0.038, -43.338011 -0.038, -43.338011 -0.012, -43.319991 -0.012, -43.319991 -0.004, -43.303991 -0.004, -43.303991 -0.02)), ((-43.367501000000004 -0.004, -43.352501000000004 -0.004, -43.352501000000004 -0.019, -43.367501000000004 -0.019, -43.367501000000004 -0.004)), ((-43.297 0.003, -43.21 0.003, -43.21 -0.003, -43.297 -0.003, -43.297 -0.09, -43.303 -0.09, -43.303 -0.003, -43.39 -0.003, -43.39 0.003, -43.303 0.003, -43.303 0.09, -43.297 0.09, -43.297 0.003)), ((-43.352501000000004 0.019, -43.352501000000004 0.004, -43.367501000000004 0.004, -43.367501000000004 0.019, -43.352501000000004 0.019)), ((-43.311991 0.02, -43.303991 0.02, -43.303991 0.004, -43.319991 0.004, -43.319991 0.012, -43.337991 0.012, -43.337991 0.038, -43.311991 0.038, -43.311991 0.02)), ((-43.367737999999996 0.040868, -43.357132 0.051475, -43.346525 0.040868, -43.357132 0.030262, -43.367737999999996 0.040868)), ((-43.358192 0.05395, -43.353950000000005 0.058192, -43.339808 0.04405, -43.34405 0.039808, -43.358192 0.05395)), ((-43.351475 0.057132, -43.340868 0.067738, -43.330262000000005 0.057132, -43.340868 0.046525, -43.351475 0.057132)), ((-43.30400100000001 0.0675, -43.30400100000001 0.0525, -43.31900100000001 0.0525, -43.31900100000001 0.0675, -43.30400100000001 0.0675)), ((-43.296001000000004 0.0675, -43.281001 0.0675, -43.281001 0.0525, -43.296001000000004 0.0525, -43.296001000000004 0.0675)), ((-43.3025 0.135, -43.3025 0.155, -43.3025 0.185, -43.3025 0.215, -43.3025 0.245, -43.3025 0.265, -43.2975 0.265, -43.2975 0.245, -43.2975 0.215, -43.2975 0.185, -43.2975 0.155, -43.2975 0.135, -43.3025 0.135)), ((-43.3525 0.155, -43.353 0.155, -43.353 0.185, -43.3525 0.185, -43.3525 0.215, -43.355 0.215, -43.355 0.245, -43.3525 0.245, -43.3525 0.255, -43.3475 0.255, -43.3475 0.245, -43.35 0.245, -43.35 0.215, -43.3475 0.215, -43.3475 0.185, -43.348 0.185, -43.348 0.155, -43.3475 0.155, -43.3475 0.145, -43.3525 0.145, -43.3525 0.155)), ((-43.363099999999996 0.185, -43.3625 0.185, -43.3625 0.215, -43.3655 0.215, -43.3655 0.245, -43.3605 0.245, -43.3605 0.215, -43.3575 0.215, -43.3575 0.185, -43.3581 0.185, -43.3581 0.155, -43.363099999999996 0.155, -43.363099999999996 0.185)), ((-43.332800000000006 0.185, -43.3325 0.185, -43.3325 0.215, -43.334 0.215, -43.334 0.245, -43.329 0.245, -43.329 0.215, -43.3275 0.215, -43.3275 0.185, -43.3278 0.185, -43.3278 0.155, -43.332800000000006 0.155, -43.332800000000006 0.185)), ((-43.322700000000005 0.185, -43.3225 0.185, -43.3225 0.215, -43.3235 0.215, -43.3235 0.245, -43.3185 0.245, -43.3185 0.215, -43.3175 0.215, -43.3175 0.185, -43.3177 0.185, -43.3177 0.155, -43.322700000000005 0.155, -43.322700000000005 0.185)), ((-43.383300000000006 0.185, -43.3825 0.185, -43.3825 0.215, -43.3865 0.215, -43.3865 0.245, -43.3815 0.245, -43.3815 0.215, -43.3775 0.215, -43.3775 0.185, -43.3783 0.185, -43.3783 0.155, -43.383300000000006 0.155, -43.383300000000006 0.185)), ((-43.3725 0.185, -43.3725 0.215, -43.376 0.215, -43.376 0.245, -43.371 0.245, -43.371 0.215, -43.3675 0.215, -43.3675 0.185, -43.3682 0.185, -43.3682 0.155, -43.373200000000004 0.155, -43.373200000000004 0.185, -43.3725 0.185)), ((-43.3429 0.185, -43.3425 0.185, -43.3425 0.215, -43.3445 0.215, -43.3445 0.245, -43.3395 0.245, -43.3395 0.215, -43.3375 0.215, -43.3375 0.185, -43.337900000000005 0.185, -43.337900000000005 0.155, -43.3429 0.155, -43.3429 0.185)), ((-43.2924 0.185, -43.2925 0.185, -43.2925 0.215, -43.292 0.215, -43.292 0.245, -43.287 0.245, -43.287 0.215, -43.2875 0.215, -43.2875 0.185, -43.2874 0.185, -43.2874 0.155, -43.2924 0.155, -43.2924 0.185)), ((-43.312599999999996 0.185, -43.3125 0.185, -43.3125 0.215, -43.313 0.215, -43.313 0.245, -43.308 0.245, -43.308 0.215, -43.3075 0.215, -43.3075 0.185, -43.3076 0.185, -43.3076 0.155, -43.312599999999996 0.155, -43.312599999999996 0.185)), ((-43.2765 0.215, -43.2775 0.215, -43.2775 0.185, -43.277300000000004 0.185, -43.277300000000004 0.155, -43.282300000000006 0.155, -43.282300000000006 0.185, -43.2825 0.185, -43.2825 0.215, -43.2815 0.215, -43.2815 0.245, -43.2765 0.245, -43.2765 0.215)), ((-43.2025 -0.135, -43.1975 -0.135, -43.1975 -0.155, -43.197 -0.155, -43.197 -0.185, -43.1975 -0.185, -43.1975 -0.215, -43.1955 -0.215, -43.1955 -0.245, -43.1975 -0.245, -43.1975 -0.265, -43.2025 -0.265, -43.2025 -0.245, -43.2005 -0.245, -43.2005 -0.215, -43.2025 -0.215, -43.2025 -0.185, -43.202 -0.185, -43.202 -0.155, -43.2025 -0.155, -43.2025 -0.135)), ((-43.2525 -0.145, -43.2475 -0.145, -43.2475 -0.155, -43.24725 -0.155, -43.24725 -0.185, -43.2475 -0.185, -43.2475 -0.215, -43.2465 -0.215, -43.2465 -0.245, -43.2475 -0.245, -43.2475 -0.255, -43.2525 -0.255, -43.2525 -0.245, -43.2515 -0.245, -43.2515 -0.215, -43.2525 -0.215, -43.2525 -0.185, -43.25225 -0.185, -43.25225 -0.155, -43.2525 -0.155, -43.2525 -0.145)), ((-43.2623 -0.155, -43.2573 -0.155, -43.2573 -0.185, -43.2575 -0.185, -43.2575 -0.215, -43.2567 -0.215, -43.2567 -0.245, -43.261700000000005 -0.245, -43.261700000000005 -0.215, -43.2625 -0.215, -43.2625 -0.185, -43.2623 -0.185, -43.2623 -0.155)), ((-43.272349999999996 -0.155, -43.26735 -0.155, -43.26735 -0.185, -43.2675 -0.185, -43.2675 -0.215, -43.2669 -0.215, -43.2669 -0.245, -43.2719 -0.245, -43.2719 -0.215, -43.2725 -0.215, -43.2725 -0.185, -43.272349999999996 -0.185, -43.272349999999996 -0.155)), ((-43.212050000000005 -0.155, -43.20705 -0.155, -43.20705 -0.185, -43.2075 -0.185, -43.2075 -0.215, -43.20570000000001 -0.215, -43.20570000000001 -0.245, -43.2107 -0.245, -43.2107 -0.215, -43.2125 -0.215, -43.2125 -0.185, -43.212050000000005 -0.185, -43.212050000000005 -0.155)), ((-43.2221 -0.155, -43.2171 -0.155, -43.2171 -0.185, -43.2175 -0.185, -43.2175 -0.215, -43.215900000000005 -0.215, -43.215900000000005 -0.245, -43.2209 -0.245, -43.2209 -0.215, -43.2225 -0.215, -43.2225 -0.185, -43.2221 -0.185, -43.2221 -0.155)), ((-43.22715 -0.155, -43.22715 -0.185, -43.2275 -0.185, -43.2275 -0.215, -43.226099999999995 -0.215, -43.226099999999995 -0.245, -43.2311 -0.245, -43.2311 -0.215, -43.2325 -0.215, -43.2325 -0.185, -43.232150000000004 -0.185, -43.232150000000004 -0.155, -43.22715 -0.155)), ((-43.2375 -0.215, -43.2363 -0.215, -43.2363 -0.245, -43.2413 -0.245, -43.2413 -0.215, -43.2425 -0.215, -43.2425 -0.185, -43.242200000000004 -0.185, -43.242200000000004 -0.155, -43.2372 -0.155, -43.2372 -0.185, -43.2375 -0.185, -43.2375 -0.215)), ((-43.115 -0.0975, -43.085 -0.0975, -43.085 -0.0995, -43.055 -0.0995, -43.055 -0.0975, -43.035 -0.0975, -43.035 -0.1025, -43.055 -0.1025, -43.055 -0.1045, -43.085 -0.1045, -43.085 -0.1025, -43.115 -0.1025, -43.115 -0.103, -43.145 -0.103, -43.145 -0.1025, -43.165 -0.1025, -43.165 -0.0975, -43.145 -0.0975, -43.145 -0.098, -43.115 -0.098, -43.115 -0.0975)), ((-43.268738 -0.058132, -43.258131999999996 -0.047525, -43.247525 -0.058132, -43.258131999999996 -0.068738, -43.268738 -0.058132)), ((-43.259192000000006 -0.04505, -43.25495 -0.040808, -43.240807999999994 -0.05495, -43.245050000000006 -0.059192, -43.259192000000006 -0.04505)), ((-43.115 -0.0475, -43.085 -0.0475, -43.085 -0.0485, -43.055 -0.0485, -43.055 -0.0475, -43.045 -0.0475, -43.045 -0.0525, -43.055 -0.0525, -43.055 -0.0535, -43.085 -0.0535, -43.085 -0.0525, -43.115 -0.0525, -43.115 -0.05275, -43.145 -0.05275, -43.145 -0.0525, -43.155 -0.0525, -43.155 -0.0475, -43.145 -0.0475, -43.145 -0.04775, -43.115 -0.04775, -43.115 -0.0475)), ((-43.252475 -0.041868, -43.241868000000004 -0.031262, -43.231262 -0.041868, -43.241868000000004 -0.052475, -43.252475 -0.041868)), ((-43.261991 -0.012, -43.261991 -0.038, -43.287991000000005 -0.038, -43.287991000000005 -0.02, -43.295991 -0.02, -43.295991 -0.004, -43.279991 -0.004, -43.279991 -0.012, -43.261991 -0.012)), ((-43.24750100000001 -0.004, -43.232501000000006 -0.004, -43.232501000000006 -0.019, -43.24750100000001 -0.019, -43.24750100000001 -0.004)), ((-43.055 0.0025, -43.035 0.0025, -43.035 -0.0025, -43.055 -0.0025, -43.085 -0.0025, -43.115 -0.0025, -43.145 -0.0025, -43.165 -0.0025, -43.165 0.0025, -43.145 0.0025, -43.115 0.0025, -43.085 0.0025, -43.055 0.0025)), ((-43.24750100000001 0.019, -43.232501000000006 0.019, -43.232501000000006 0.004, -43.24750100000001 0.004, -43.24750100000001 0.019)), ((-43.261991 0.012, -43.279991 0.012, -43.279991 0.004, -43.295991 0.004, -43.295991 0.02, -43.287991000000005 0.02, -43.287991000000005 0.038, -43.261991 0.038, -43.261991 0.012)), ((-43.252475 0.041868, -43.241868000000004 0.052475, -43.231262 0.041868, -43.241868000000004 0.031262, -43.252475 0.041868)), ((-43.115 0.0525, -43.085 0.0525, -43.085 0.0535, -43.055 0.0535, -43.055 0.0525, -43.045 0.0525, -43.045 0.0475, -43.055 0.0475, -43.055 0.0485, -43.085 0.0485, -43.085 0.0475, -43.115 0.0475, -43.115 0.04775, -43.145 0.04775, -43.145 0.0475, -43.155 0.0475, -43.155 0.0525, -43.145 0.0525, -43.145 0.05275, -43.115 0.05275, -43.115 0.0525)), ((-43.259192000000006 0.04505, -43.245050000000006 0.059192, -43.240807999999994 0.05495, -43.25495 0.040808, -43.259192000000006 0.04505)), ((-43.268738 0.058132, -43.258131999999996 0.068738, -43.247525 0.058132, -43.258131999999996 0.047525, -43.268738 0.058132)), ((-43.115 0.1025, -43.085 0.1025, -43.085 0.1045, -43.055 0.1045, -43.055 0.1025, -43.035 0.1025, -43.035 0.0975, -43.055 0.0975, -43.055 0.0995, -43.085 0.0995, -43.085 0.0975, -43.115 0.0975, -43.115 0.098, -43.145 0.098, -43.145 0.0975, -43.165 0.0975, -43.165 0.1025, -43.145 0.1025, -43.145 0.103, -43.115 0.103, -43.115 0.1025)), ((-43.2025 0.155, -43.2015 0.155, -43.2015 0.185, -43.2025 0.185, -43.2025 0.215, -43.1975 0.215, -43.1975 0.185, -43.1965 0.185, -43.1965 0.155, -43.1975 0.155, -43.1975 0.135, -43.2025 0.135, -43.2025 0.155)), ((-43.252 0.155, -43.252 0.185, -43.2525 0.185, -43.2525 0.215, -43.25 0.215, -43.25 0.245, -43.2525 0.245, -43.2525 0.255, -43.2475 0.255, -43.2475 0.245, -43.245 0.245, -43.245 0.215, -43.2475 0.215, -43.2475 0.185, -43.247 0.185, -43.247 0.155, -43.2475 0.155, -43.2475 0.145, -43.2525 0.145, -43.2525 0.155, -43.252 0.155)), ((-43.2185 0.245, -43.2135 0.245, -43.2135 0.215, -43.2175 0.215, -43.2175 0.185, -43.2167 0.185, -43.2167 0.155, -43.221700000000006 0.155, -43.221700000000006 0.185, -43.2225 0.185, -43.2225 0.215, -43.2185 0.215, -43.2185 0.245)), ((-43.2395 0.245, -43.2345 0.245, -43.2345 0.215, -43.2375 0.215, -43.2375 0.185, -43.2369 0.185, -43.2369 0.155, -43.2419 0.155, -43.2419 0.185, -43.2425 0.185, -43.2425 0.215, -43.2395 0.215, -43.2395 0.245)), ((-43.229 0.245, -43.224 0.245, -43.224 0.215, -43.2275 0.215, -43.2275 0.185, -43.226800000000004 0.185, -43.226800000000004 0.155, -43.2318 0.155, -43.2318 0.185, -43.2325 0.185, -43.2325 0.215, -43.229 0.215, -43.229 0.245)), ((-43.271 0.245, -43.266 0.245, -43.266 0.215, -43.2675 0.215, -43.2675 0.185, -43.2672 0.185, -43.2672 0.155, -43.272200000000005 0.155, -43.272200000000005 0.185, -43.2725 0.185, -43.2725 0.215, -43.271 0.215, -43.271 0.245)), ((-43.2605 0.245, -43.2555 0.245, -43.2555 0.215, -43.2575 0.215, -43.2575 0.185, -43.2571 0.185, -43.2571 0.155, -43.2621 0.155, -43.2621 0.185, -43.2625 0.185, -43.2625 0.215, -43.2605 0.215, -43.2605 0.245)), ((-43.208 0.245, -43.203 0.245, -43.203 0.215, -43.2075 0.215, -43.2075 0.185, -43.2066 0.185, -43.2066 0.155, -43.2116 0.155, -43.2116 0.185, -43.2125 0.185, -43.2125 0.215, -43.208 0.215, -43.208 0.245)), ((-43.148141 0.163118, -43.148141 0.177118, -43.146141 0.177118, -43.141141000000005 0.172118, -43.140141 0.172118, -43.140141 0.177118, -43.138141000000005 0.177118, -43.138141000000005 0.163118, -43.140141 0.163118, -43.140141 0.168118, -43.145141 0.173118, -43.146141 0.173118, -43.146141 0.163118, -43.148141 0.163118)), ((-43.152141 0.163118, -43.158141 0.163118, -43.160141 0.165118, -43.160141 0.175118, -43.158141 0.177118, -43.152141 0.177118, -43.150141000000005 0.175118, -43.150141000000005 0.165118, -43.152141 0.163118), (-43.152141 0.166118, -43.152141 0.174118, -43.153141000000005 0.175118, -43.157141 0.175118, -43.158141 0.174118, -43.158141 0.166118, -43.157141 0.165118, -43.153141000000005 0.165118, -43.152141 0.166118)), ((-43.156141000000005 0.172118, -43.154141 0.172118, -43.154141 0.168118, -43.156141000000005 0.168118, -43.156141000000005 0.172118)), ((-43.168141000000006 0.172118, -43.166141 0.172118, -43.166141 0.168118, -43.168141000000006 0.168118, -43.168141000000006 0.172118)), ((-43.170141 0.163118, -43.172141 0.165118, -43.172141 0.175118, -43.170141 0.177118, -43.164141 0.177118, -43.162141000000005 0.175118, -43.162141000000005 0.165118, -43.164141 0.163118, -43.170141 0.163118), (-43.164141 0.174118, -43.165141000000006 0.175118, -43.169141 0.175118, -43.170141 0.174118, -43.170141 0.166118, -43.169141 0.165118, -43.165141000000006 0.165118, -43.164141 0.166118, -43.164141 0.174118)), ((-43.184141000000004 0.163118, -43.184141000000004 0.165118, -43.180141000000006 0.165118, -43.180141000000006 0.173118, -43.181141000000004 0.173118, -43.183141000000006 0.171118, -43.184141000000004 0.171118, -43.184141000000004 0.173118, -43.180141000000006 0.177118, -43.178141000000004 0.177118, -43.178141000000004 0.165118, -43.174141000000006 0.165118, -43.174141000000006 0.163118, -43.184141000000004 0.163118)), ((-43.1975 0.245, -43.1925 0.245, -43.1925 0.215, -43.1975 0.215, -43.1975 0.245)), ((-43.168141000000006 0.232524, -43.166141 0.232524, -43.166141 0.228524, -43.168141000000006 0.228524, -43.168141000000006 0.232524)), ((-43.174141000000006 0.235524, -43.182141 0.235524, -43.182141 0.232524, -43.176141 0.232524, -43.174141000000006 0.230524, -43.174141000000006 0.225524, -43.176141 0.223524, -43.182141 0.223524, -43.184141000000004 0.225524, -43.184141000000004 0.227524, -43.182141 0.227524, -43.182141 0.226524, -43.181141000000004 0.225524, -43.177141000000006 0.225524, -43.176141 0.226524, -43.176141 0.229524, -43.177141000000006 0.230524, -43.184141000000004 0.230524, -43.184141000000004 0.237524, -43.174141000000006 0.237524, -43.174141000000006 0.235524)), ((-43.152141 0.223524, -43.158141 0.223524, -43.160141 0.225524, -43.160141 0.235524, -43.158141 0.237524, -43.152141 0.237524, -43.150141000000005 0.235524, -43.150141000000005 0.225524, -43.152141 0.223524), (-43.152141 0.226524, -43.152141 0.234524, -43.153141000000005 0.235524, -43.157141 0.235524, -43.158141 0.234524, -43.158141 0.226524, -43.157141 0.225524, -43.153141000000005 0.225524, -43.152141 0.226524)), ((-43.156141000000005 0.232524, -43.154141 0.232524, -43.154141 0.228524, -43.156141000000005 0.228524, -43.156141000000005 0.232524)), ((-43.164141 0.223524, -43.170141 0.223524, -43.172141 0.225524, -43.172141 0.235524, -43.170141 0.237524, -43.164141 0.237524, -43.162141000000005 0.235524, -43.162141000000005 0.225524, -43.164141 0.223524), (-43.164141 0.226524, -43.164141 0.234524, -43.165141000000006 0.235524, -43.169141 0.235524, -43.170141 0.234524, -43.170141 0.226524, -43.169141 0.225524, -43.165141000000006 0.225524, -43.164141 0.226524)), ((-43.148141 0.223524, -43.148141 0.237524, -43.146141 0.237524, -43.141141000000005 0.232524, -43.140141 0.232524, -43.140141 0.237524, -43.138141000000005 0.237524, -43.138141000000005 0.223524, -43.140141 0.223524, -43.140141 0.228524, -43.145141 0.233524, -43.146141 0.233524, -43.146141 0.223524, -43.148141 0.223524)), ((-43.2025 0.265, -43.1975 0.265, -43.1975 0.245, -43.2025 0.245, -43.2025 0.265)), ((-43.119 -0.115, -43.119 -0.125, -43.121 -0.127, -43.127 -0.127, -43.129 -0.125, -43.129 -0.115, -43.127 -0.113, -43.121 -0.113, -43.119 -0.115), (-43.122 -0.115, -43.126 -0.115, -43.127 -0.116, -43.127 -0.124, -43.126 -0.125, -43.122 -0.125, -43.121 -0.124, -43.121 -0.116, -43.122 -0.115)), ((-43.131 -0.115, -43.139 -0.115, -43.139 -0.118, -43.133 -0.118, -43.131 -0.12, -43.131 -0.125, -43.133 -0.127, -43.139 -0.127, -43.141 -0.125, -43.141 -0.123, -43.139 -0.123, -43.139 -0.124, -43.138 -0.125, -43.134 -0.125, -43.133 -0.124, -43.133 -0.121, -43.134 -0.12, -43.141 -0.12, -43.141 -0.113, -43.131 -0.113, -43.131 -0.115)), ((-43.071 -0.118, -43.069 -0.118, -43.069 -0.122, -43.071 -0.122, -43.071 -0.118)), ((-42.831 -0.118, -42.829 -0.118, -42.829 -0.122, -42.831 -0.122, -42.831 -0.118)), ((-43.065 -0.115, -43.065 -0.125, -43.067 -0.127, -43.073 -0.127, -43.075 -0.125, -43.075 -0.115, -43.073 -0.113, -43.067 -0.113, -43.065 -0.115), (-43.068 -0.115, -43.072 -0.115, -43.073 -0.116, -43.073 -0.124, -43.072 -0.125, -43.068 -0.125, -43.067 -0.124, -43.067 -0.116, -43.068 -0.115)), ((-42.825 -0.125, -42.827 -0.127, -42.833 -0.127, -42.835 -0.125, -42.835 -0.115, -42.833 -0.113, -42.827 -0.113, -42.825 -0.115, -42.825 -0.125), (-42.828 -0.125, -42.827 -0.124, -42.827 -0.116, -42.828 -0.115, -42.832 -0.115, -42.833 -0.116, -42.833 -0.124, -42.832 -0.125, -42.828 -0.125)), ((-42.837 -0.115, -42.845 -0.115, -42.845 -0.118, -42.839 -0.118, -42.837 -0.12, -42.837 -0.125, -42.839 -0.127, -42.845 -0.127, -42.847 -0.125, -42.847 -0.123, -42.845 -0.123, -42.845 -0.124, -42.844 -0.125, -42.84 -0.125, -42.839 -0.124, -42.839 -0.121, -42.84 -0.12, -42.847 -0.12, -42.847 -0.113, -42.837 -0.113, -42.837 -0.115)), ((-43.079 -0.113, -43.077 -0.115, -43.077 -0.12, -43.079 -0.122, -43.084 -0.122, -43.085 -0.123, -43.085 -0.125, -43.077 -0.125, -43.077 -0.127, -43.087 -0.127, -43.087 -0.122, -43.085 -0.12, -43.08 -0.12, -43.079 -0.119, -43.079 -0.116, -43.08 -0.115, -43.084 -0.115, -43.085 -0.116, -43.085 -0.117, -43.087 -0.117, -43.087 -0.115, -43.085 -0.113, -43.079 -0.113)), ((-43.125 -0.118, -43.123 -0.118, -43.123 -0.122, -43.125 -0.122, -43.125 -0.118)), ((-43.053 -0.125, -43.055 -0.127, -43.061 -0.127, -43.063 -0.125, -43.063 -0.115, -43.061 -0.113, -43.055 -0.113, -43.053 -0.115, -43.053 -0.125), (-43.06 -0.115, -43.061 -0.116, -43.061 -0.124, -43.06 -0.125, -43.056 -0.125, -43.055 -0.124, -43.055 -0.116, -43.056 -0.115, -43.06 -0.115)), ((-43.057 -0.118, -43.057 -0.122, -43.059 -0.122, -43.059 -0.118, -43.057 -0.118)), ((-42.845 -0.1025, -42.815 -0.1025, -42.815 -0.1075, -42.845 -0.1075, -42.845 -0.1025)), ((-42.865 -0.0975, -42.845 -0.0975, -42.845 -0.1025, -42.865 -0.1025, -42.865 -0.0975)), ((-42.785 -0.0884, -42.755 -0.0884, -42.755 -0.0934, -42.785 -0.0934, -42.785 -0.0925, -42.815 -0.0925, -42.815 -0.097, -42.845 -0.097, -42.845 -0.092, -42.815 -0.092, -42.815 -0.0875, -42.785 -0.0875, -42.785 -0.0884)), ((-43.085 -0.0893, -43.055 -0.0893, -43.055 -0.0943, -43.085 -0.0943, -43.085 -0.0925, -43.115 -0.0925, -43.115 -0.09295, -43.145 -0.09295, -43.145 -0.08795, -43.115 -0.08795, -43.115 -0.0875, -43.085 -0.0875, -43.085 -0.0893)), ((-42.785 -0.0783, -42.755 -0.0783, -42.755 -0.0833, -42.785 -0.0833, -42.785 -0.0825, -42.815 -0.0825, -42.815 -0.0865, -42.845 -0.0865, -42.845 -0.0815, -42.815 -0.0815, -42.815 -0.0775, -42.785 -0.0775, -42.785 -0.0783)), ((-43.085 -0.0791, -43.055 -0.0791, -43.055 -0.0841, -43.085 -0.0841, -43.085 -0.0825, -43.115 -0.0825, -43.115 -0.0829, -43.145 -0.0829, -43.145 -0.0779, -43.115 -0.0779, -43.115 -0.0775, -43.085 -0.0775, -43.085 -0.0791)), ((-42.785 -0.0682, -42.755 -0.0682, -42.755 -0.0732, -42.785 -0.0732, -42.785 -0.0725, -42.815 -0.0725, -42.815 -0.076, -42.845 -0.076, -42.845 -0.071, -42.815 -0.071, -42.815 -0.0675, -42.785 -0.0675, -42.785 -0.0682)), ((-43.115 -0.06785, -43.115 -0.0675, -43.085 -0.0675, -43.085 -0.0689, -43.055 -0.0689, -43.055 -0.0739, -43.085 -0.0739, -43.085 -0.0725, -43.115 -0.0725, -43.115 -0.07285, -43.145 -0.07285, -43.145 -0.06785, -43.115 -0.06785)), ((-42.785 -0.0581, -42.755 -0.0581, -42.755 -0.0631, -42.785 -0.0631, -42.785 -0.0625, -42.815 -0.0625, -42.815 -0.0655, -42.845 -0.0655, -42.845 -0.0605, -42.815 -0.0605, -42.815 -0.0575, -42.785 -0.0575, -42.785 -0.0581)), ((-43.085 -0.0587, -43.055 -0.0587, -43.055 -0.0637, -43.085 -0.0637, -43.085 -0.0625, -43.115 -0.0625, -43.115 -0.0628, -43.145 -0.0628, -43.145 -0.0578, -43.115 -0.0578, -43.115 -0.0575, -43.085 -0.0575, -43.085 -0.0587)), ((-42.815 -0.0475, -42.785 -0.0475, -42.785 -0.048, -42.755 -0.048, -42.755 -0.0475, -42.745 -0.0475, -42.745 -0.0525, -42.755 -0.0525, -42.755 -0.053, -42.785 -0.053, -42.785 -0.0525, -42.815 -0.0525, -42.815 -0.055, -42.845 -0.055, -42.845 -0.0525, -42.855 -0.0525, -42.855 -0.0475, -42.845 -0.0475, -42.845 -0.05, -42.815 -0.05, -42.815 -0.0475)), ((-43.115 -0.0377, -43.115 -0.0375, -43.085 -0.0375, -43.085 -0.0383, -43.055 -0.0383, -43.055 -0.0433, -43.085 -0.0433, -43.085 -0.0425, -43.115 -0.0425, -43.115 -0.0427, -43.145 -0.0427, -43.145 -0.0377, -43.115 -0.0377)), ((-43.085 -0.0281, -43.055 -0.0281, -43.055 -0.0331, -43.085 -0.0331, -43.085 -0.0325, -43.115 -0.0325, -43.115 -0.03265, -43.145 -0.03265, -43.145 -0.02765, -43.115 -0.02765, -43.115 -0.0275, -43.085 -0.0275, -43.085 -0.0281)), ((-43.085 -0.0179, -43.055 -0.0179, -43.055 -0.0229, -43.085 -0.0229, -43.085 -0.0225, -43.115 -0.0225, -43.115 -0.0226, -43.145 -0.0226, -43.145 -0.0176, -43.115 -0.0176, -43.115 -0.0175, -43.085 -0.0175, -43.085 -0.0179)), ((-43.145 -0.00755, -43.115 -0.00755, -43.115 -0.0075, -43.085 -0.0075, -43.085 -0.0077, -43.055 -0.0077, -43.055 -0.0127, -43.085 -0.0127, -43.085 -0.0125, -43.115 -0.0125, -43.115 -0.01255, -43.145 -0.01255, -43.145 -0.00755)), ((-42.755 0.0025, -42.735 0.0025, -42.735 -0.0025, -42.755 -0.0025, -42.785 -0.0025, -42.815 -0.0025, -42.845 -0.0025, -42.865 -0.0025, -42.865 0.0025, -42.845 0.0025, -42.815 0.0025, -42.785 0.0025, -42.755 0.0025)), ((-43.055 0.0077, -43.085 0.0077, -43.085 0.0075, -43.115 0.0075, -43.115 0.00755, -43.145 0.00755, -43.145 0.01255, -43.115 0.01255, -43.115 0.0125, -43.085 0.0125, -43.085 0.0127, -43.055 0.0127, -43.055 0.0077)), ((-43.055 0.0179, -43.085 0.0179, -43.085 0.0175, -43.115 0.0175, -43.115 0.0176, -43.145 0.0176, -43.145 0.0226, -43.115 0.0226, -43.115 0.0225, -43.085 0.0225, -43.085 0.0229, -43.055 0.0229, -43.055 0.0179)), ((-43.055 0.0281, -43.085 0.0281, -43.085 0.0275, -43.115 0.0275, -43.115 0.02765, -43.145 0.02765, -43.145 0.03265, -43.115 0.03265, -43.115 0.0325, -43.085 0.0325, -43.085 0.0331, -43.055 0.0331, -43.055 0.0281)), ((-42.785 0.0328, -42.755 0.0328, -42.755 0.0278, -42.785 0.0278, -42.785 0.0275, -42.815 0.0275, -42.815 0.029, -42.845 0.029, -42.845 0.034, -42.815 0.034, -42.815 0.0325, -42.785 0.0325, -42.785 0.0328)), ((-43.055 0.0383, -43.085 0.0383, -43.085 0.0375, -43.115 0.0375, -43.115 0.0377, -43.145 0.0377, -43.145 0.0427, -43.115 0.0427, -43.115 0.0425, -43.085 0.0425, -43.085 0.0433, -43.055 0.0433, -43.055 0.0383)), ((-42.785 0.0525, -42.785 0.053, -42.755 0.053, -42.755 0.0525, -42.745 0.0525, -42.745 0.0475, -42.755 0.0475, -42.755 0.048, -42.785 0.048, -42.785 0.0475, -42.815 0.0475, -42.815 0.05, -42.845 0.05, -42.845 0.0475, -42.855 0.0475, -42.855 0.0525, -42.845 0.0525, -42.845 0.055, -42.815 0.055, -42.815 0.0525, -42.785 0.0525)), ((-43.055 0.0587, -43.085 0.0587, -43.085 0.0575, -43.115 0.0575, -43.115 0.0578, -43.145 0.0578, -43.145 0.0628, -43.115 0.0628, -43.115 0.0625, -43.085 0.0625, -43.085 0.0637, -43.055 0.0637, -43.055 0.0587)), ((-42.785 0.0631, -42.755 0.0631, -42.755 0.0581, -42.785 0.0581, -42.785 0.0575, -42.815 0.0575, -42.815 0.0605, -42.845 0.0605, -42.845 0.0655, -42.815 0.0655, -42.815 0.0625, -42.785 0.0625, -42.785 0.0631)), ((-43.055 0.0689, -43.085 0.0689, -43.085 0.0675, -43.115 0.0675, -43.115 0.06785, -43.145 0.06785, -43.145 0.07285, -43.115 0.07285, -43.115 0.0725, -43.085 0.0725, -43.085 0.0739, -43.055 0.0739, -43.055 0.0689)), ((-42.785 0.0732, -42.755 0.0732, -42.755 0.0682, -42.785 0.0682, -42.785 0.0675, -42.815 0.0675, -42.815 0.071, -42.845 0.071, -42.845 0.076, -42.815 0.076, -42.815 0.0725, -42.785 0.0725, -42.785 0.0732)), ((-43.115 0.0825, -43.085 0.0825, -43.085 0.0841, -43.055 0.0841, -43.055 0.0791, -43.085 0.0791, -43.085 0.0775, -43.115 0.0775, -43.115 0.0779, -43.145 0.0779, -43.145 0.0829, -43.115 0.0829, -43.115 0.0825)), ((-42.785 0.0833, -42.755 0.0833, -42.755 0.0783, -42.785 0.0783, -42.785 0.0775, -42.815 0.0775, -42.815 0.0815, -42.845 0.0815, -42.845 0.0865, -42.815 0.0865, -42.815 0.0825, -42.785 0.0825, -42.785 0.0833)), ((-43.055 0.0893, -43.085 0.0893, -43.085 0.0875, -43.115 0.0875, -43.115 0.08795, -43.145 0.08795, -43.145 0.09295, -43.115 0.09295, -43.115 0.0925, -43.085 0.0925, -43.085 0.0943, -43.055 0.0943, -43.055 0.0893)), ((-42.785 0.0934, -42.755 0.0934, -42.755 0.0884, -42.785 0.0884, -42.785 0.0875, -42.815 0.0875, -42.815 0.092, -42.845 0.092, -42.845 0.097, -42.815 0.097, -42.815 0.0925, -42.785 0.0925, -42.785 0.0934)), ((-42.865 0.1025, -42.845 0.1025, -42.845 0.0975, -42.865 0.0975, -42.865 0.1025)), ((-43.13414100000001 0.173118, -43.13414100000001 0.163118, -43.136141 0.163118, -43.136141 0.177118, -43.13414100000001 0.177118, -43.132141000000004 0.175118, -43.130141 0.175118, -43.12814100000001 0.177118, -43.126141000000004 0.177118, -43.126141000000004 0.163118, -43.12814100000001 0.163118, -43.12814100000001 0.173118, -43.129141000000004 0.173118, -43.13114100000001 0.171118, -43.133141 0.173118, -43.13414100000001 0.173118)), ((-43.13414100000001 0.233524, -43.13414100000001 0.223524, -43.136141 0.223524, -43.136141 0.237524, -43.13414100000001 0.237524, -43.132141000000004 0.235524, -43.130141 0.235524, -43.12814100000001 0.237524, -43.126141000000004 0.237524, -43.126141000000004 0.223524, -43.12814100000001 0.223524, -43.12814100000001 0.233524, -43.129141000000004 0.233524, -43.13114100000001 0.231524, -43.133141 0.233524, -43.13414100000001 0.233524)), ((-42.7025 -0.135, -42.6975 -0.135, -42.6975 -0.155, -42.698 -0.155, -42.698 -0.185, -42.6975 -0.185, -42.6975 -0.215, -42.6995 -0.215, -42.6995 -0.245, -42.6975 -0.245, -42.6975 -0.265, -42.7025 -0.265, -42.7025 -0.245, -42.7045 -0.245, -42.7045 -0.215, -42.7025 -0.215, -42.7025 -0.185, -42.703 -0.185, -42.703 -0.155, -42.7025 -0.155, -42.7025 -0.135)), ((-42.6525 -0.185, -42.65275 -0.185, -42.65275 -0.155, -42.6525 -0.155, -42.6525 -0.145, -42.6475 -0.145, -42.6475 -0.155, -42.64775 -0.155, -42.64775 -0.185, -42.6475 -0.185, -42.6475 -0.215, -42.6485 -0.215, -42.6485 -0.245, -42.6475 -0.245, -42.6475 -0.255, -42.6525 -0.255, -42.6525 -0.245, -42.6535 -0.245, -42.6535 -0.215, -42.6525 -0.215, -42.6525 -0.185)), ((-42.723859000000004 -0.227524, -42.723859000000004 -0.237524, -42.72585900000001 -0.237524, -42.72585900000001 -0.223524, -42.723859000000004 -0.223524, -42.721859 -0.225524, -42.71985900000001 -0.225524, -42.717859000000004 -0.223524, -42.715859 -0.223524, -42.715859 -0.237524, -42.717859000000004 -0.237524, -42.717859000000004 -0.227524, -42.718859 -0.227524, -42.720859000000004 -0.229524, -42.72285900000001 -0.227524, -42.723859000000004 -0.227524)), ((-42.765859000000006 -0.223524, -42.763859000000004 -0.225524, -42.763859000000004 -0.230524, -42.765859000000006 -0.232524, -42.770859 -0.232524, -42.771859000000006 -0.233524, -42.771859000000006 -0.235524, -42.763859000000004 -0.235524, -42.763859000000004 -0.237524, -42.773859 -0.237524, -42.773859 -0.232524, -42.771859000000006 -0.230524, -42.766859000000004 -0.230524, -42.765859000000006 -0.229524, -42.765859000000006 -0.226524, -42.766859000000004 -0.225524, -42.770859 -0.225524, -42.771859000000006 -0.226524, -42.771859000000006 -0.227524, -42.773859 -0.227524, -42.773859 -0.225524, -42.771859000000006 -0.223524, -42.765859000000006 -0.223524)), ((-42.755859 -0.228524, -42.755859 -0.232524, -42.757859 -0.232524, -42.757859 -0.228524, -42.755859 -0.228524)), ((-42.751859 -0.225524, -42.751859 -0.235524, -42.753859000000006 -0.237524, -42.759859000000006 -0.237524, -42.761859 -0.235524, -42.761859 -0.225524, -42.759859000000006 -0.223524, -42.753859000000006 -0.223524, -42.751859 -0.225524), (-42.759859000000006 -0.226524, -42.759859000000006 -0.234524, -42.758859 -0.235524, -42.754859 -0.235524, -42.753859000000006 -0.234524, -42.753859000000006 -0.226524, -42.754859 -0.225524, -42.758859 -0.225524, -42.759859000000006 -0.226524)), ((-42.745859 -0.228524, -42.743859 -0.228524, -42.743859 -0.232524, -42.745859 -0.232524, -42.745859 -0.228524)), ((-42.739859 -0.225524, -42.739859 -0.235524, -42.741859000000005 -0.237524, -42.747859000000005 -0.237524, -42.749859 -0.235524, -42.749859 -0.225524, -42.747859000000005 -0.223524, -42.741859000000005 -0.223524, -42.739859 -0.225524), (-42.747859000000005 -0.226524, -42.747859000000005 -0.234524, -42.746859 -0.235524, -42.742859 -0.235524, -42.741859000000005 -0.234524, -42.741859000000005 -0.226524, -42.742859 -0.225524, -42.746859 -0.225524, -42.747859000000005 -0.226524)), ((-42.73785900000001 -0.237524, -42.73785900000001 -0.223524, -42.735859000000005 -0.223524, -42.730859 -0.228524, -42.729859000000005 -0.228524, -42.729859000000005 -0.223524, -42.727859 -0.223524, -42.727859 -0.237524, -42.729859000000005 -0.237524, -42.729859000000005 -0.232524, -42.73485900000001 -0.227524, -42.735859000000005 -0.227524, -42.735859000000005 -0.237524, -42.73785900000001 -0.237524)), ((-42.642700000000005 -0.155, -42.6377 -0.155, -42.6377 -0.185, -42.6375 -0.185, -42.6375 -0.215, -42.6383 -0.215, -42.6383 -0.245, -42.6433 -0.245, -42.6433 -0.215, -42.6425 -0.215, -42.6425 -0.185, -42.642700000000005 -0.185, -42.642700000000005 -0.155)), ((-42.662800000000004 -0.155, -42.6578 -0.155, -42.6578 -0.185, -42.6575 -0.185, -42.6575 -0.215, -42.6587 -0.215, -42.6587 -0.245, -42.663700000000006 -0.245, -42.663700000000006 -0.215, -42.6625 -0.215, -42.6625 -0.185, -42.662800000000004 -0.185, -42.662800000000004 -0.155)), ((-42.69295 -0.155, -42.68795000000001 -0.155, -42.68795000000001 -0.185, -42.6875 -0.185, -42.6875 -0.215, -42.6893 -0.215, -42.6893 -0.245, -42.694300000000005 -0.245, -42.694300000000005 -0.215, -42.6925 -0.215, -42.6925 -0.185, -42.69295 -0.185, -42.69295 -0.155)), ((-42.66785 -0.155, -42.66785 -0.185, -42.6675 -0.185, -42.6675 -0.215, -42.6689 -0.215, -42.6689 -0.245, -42.6739 -0.245, -42.6739 -0.215, -42.6725 -0.215, -42.6725 -0.185, -42.67285 -0.185, -42.67285 -0.155, -42.66785 -0.155)), ((-42.6775 -0.215, -42.6791 -0.215, -42.6791 -0.245, -42.6841 -0.245, -42.6841 -0.215, -42.6825 -0.215, -42.6825 -0.185, -42.682900000000004 -0.185, -42.682900000000004 -0.155, -42.6779 -0.155, -42.6779 -0.185, -42.6775 -0.185, -42.6775 -0.215)), ((-42.63265 -0.155, -42.62765 -0.155, -42.62765 -0.185, -42.6275 -0.185, -42.6275 -0.215, -42.628099999999996 -0.215, -42.628099999999996 -0.245, -42.6331 -0.245, -42.6331 -0.215, -42.6325 -0.215, -42.6325 -0.185, -42.63265 -0.185, -42.63265 -0.155)), ((-42.751859 -0.165118, -42.759859000000006 -0.165118, -42.759859000000006 -0.168118, -42.753859000000006 -0.168118, -42.751859 -0.170118, -42.751859 -0.175118, -42.753859000000006 -0.177118, -42.759859000000006 -0.177118, -42.761859 -0.175118, -42.761859 -0.173118, -42.759859000000006 -0.173118, -42.759859000000006 -0.174118, -42.758859 -0.175118, -42.754859 -0.175118, -42.753859000000006 -0.174118, -42.753859000000006 -0.171118, -42.754859 -0.170118, -42.761859 -0.170118, -42.761859 -0.163118, -42.751859 -0.163118, -42.751859 -0.165118)), ((-42.739859 -0.165118, -42.739859 -0.175118, -42.741859000000005 -0.177118, -42.747859000000005 -0.177118, -42.749859 -0.175118, -42.749859 -0.165118, -42.747859000000005 -0.163118, -42.741859000000005 -0.163118, -42.739859 -0.165118), (-42.747859000000005 -0.166118, -42.747859000000005 -0.174118, -42.746859 -0.175118, -42.742859 -0.175118, -42.741859000000005 -0.174118, -42.741859000000005 -0.166118, -42.742859 -0.165118, -42.746859 -0.165118, -42.747859000000005 -0.166118)), ((-42.745859 -0.168118, -42.743859 -0.168118, -42.743859 -0.172118, -42.745859 -0.172118, -42.745859 -0.168118)), ((-42.73785900000001 -0.177118, -42.73785900000001 -0.163118, -42.735859000000005 -0.163118, -42.730859 -0.168118, -42.729859000000005 -0.168118, -42.729859000000005 -0.163118, -42.727859 -0.163118, -42.727859 -0.177118, -42.729859000000005 -0.177118, -42.729859000000005 -0.172118, -42.73485900000001 -0.167118, -42.735859000000005 -0.167118, -42.735859000000005 -0.177118, -42.73785900000001 -0.177118)), ((-42.723859000000004 -0.167118, -42.723859000000004 -0.177118, -42.72585900000001 -0.177118, -42.72585900000001 -0.163118, -42.723859000000004 -0.163118, -42.721859 -0.165118, -42.71985900000001 -0.165118, -42.717859000000004 -0.163118, -42.715859 -0.163118, -42.715859 -0.177118, -42.717859000000004 -0.177118, -42.717859000000004 -0.167118, -42.718859 -0.167118, -42.720859000000004 -0.169118, -42.72285900000001 -0.167118, -42.723859000000004 -0.167118)), ((-42.759 -0.118, -42.757 -0.118, -42.757 -0.122, -42.759 -0.122, -42.759 -0.118)), ((-42.753 -0.115, -42.753 -0.125, -42.755 -0.127, -42.761 -0.127, -42.763 -0.125, -42.763 -0.115, -42.761 -0.113, -42.755 -0.113, -42.753 -0.115), (-42.76 -0.125, -42.756 -0.125, -42.755 -0.124, -42.755 -0.116, -42.756 -0.115, -42.76 -0.115, -42.761 -0.116, -42.761 -0.124, -42.76 -0.125)), ((-42.787 -0.127, -42.787 -0.125, -42.783 -0.125, -42.783 -0.117, -42.784 -0.117, -42.786 -0.119, -42.787 -0.119, -42.787 -0.117, -42.783 -0.113, -42.781 -0.113, -42.781 -0.125, -42.777 -0.125, -42.777 -0.127, -42.787 -0.127)), ((-42.819 -0.118, -42.817 -0.118, -42.817 -0.122, -42.819 -0.122, -42.819 -0.118)), ((-42.765 -0.115, -42.765 -0.125, -42.767 -0.127, -42.773 -0.127, -42.775 -0.125, -42.775 -0.115, -42.773 -0.113, -42.767 -0.113, -42.765 -0.115), (-42.772 -0.125, -42.768 -0.125, -42.767 -0.124, -42.767 -0.116, -42.768 -0.115, -42.772 -0.115, -42.773 -0.116, -42.773 -0.124, -42.772 -0.125)), ((-42.813 -0.115, -42.813 -0.125, -42.815 -0.127, -42.821 -0.127, -42.823 -0.125, -42.823 -0.115, -42.821 -0.113, -42.815 -0.113, -42.813 -0.115), (-42.82 -0.125, -42.816 -0.125, -42.815 -0.124, -42.815 -0.116, -42.816 -0.115, -42.82 -0.115, -42.821 -0.116, -42.821 -0.124, -42.82 -0.125)), ((-42.771 -0.118, -42.769 -0.118, -42.769 -0.122, -42.771 -0.122, -42.771 -0.118)), ((-42.785 -0.0985, -42.755 -0.0985, -42.755 -0.0975, -42.735 -0.0975, -42.735 -0.1025, -42.755 -0.1025, -42.755 -0.1035, -42.785 -0.1035, -42.785 -0.1025, -42.815 -0.1025, -42.815 -0.0975, -42.785 -0.0975, -42.785 -0.0985)), ((-42.652474999999995 -0.058132, -42.641868 -0.047525, -42.631262 -0.058132, -42.641868 -0.068738, -42.652474999999995 -0.058132)), ((-42.659192000000004 -0.05495, -42.645050000000005 -0.040808, -42.640808 -0.04505, -42.65495000000001 -0.059192, -42.659192000000004 -0.05495)), ((-42.785 -0.0425, -42.815 -0.0425, -42.815 -0.0445, -42.845 -0.0445, -42.845 -0.0395, -42.815 -0.0395, -42.815 -0.0375, -42.785 -0.0375, -42.785 -0.0379, -42.755 -0.0379, -42.755 -0.0429, -42.785 -0.0429, -42.785 -0.0425)), ((-42.668738 -0.041868, -42.658131999999995 -0.031262, -42.647525 -0.041868, -42.658131999999995 -0.052475, -42.668738 -0.041868)), ((-42.785 -0.0325, -42.815 -0.0325, -42.815 -0.034, -42.845 -0.034, -42.845 -0.029, -42.815 -0.029, -42.815 -0.0275, -42.785 -0.0275, -42.785 -0.0278, -42.755 -0.0278, -42.755 -0.0328, -42.785 -0.0328, -42.785 -0.0325)), ((-42.785 -0.0225, -42.815 -0.0225, -42.815 -0.0235, -42.845 -0.0235, -42.845 -0.0185, -42.815 -0.0185, -42.815 -0.0175, -42.785 -0.0175, -42.785 -0.0177, -42.755 -0.0177, -42.755 -0.0227, -42.785 -0.0227, -42.785 -0.0225)), ((-42.667501 -0.004, -42.652501 -0.004, -42.652501 -0.019, -42.667501 -0.019, -42.667501 -0.004)), ((-42.785 -0.0125, -42.815 -0.0125, -42.815 -0.013, -42.845 -0.013, -42.845 -0.008, -42.815 -0.008, -42.815 -0.0075, -42.785 -0.0075, -42.785 -0.0076, -42.755 -0.0076, -42.755 -0.0126, -42.785 -0.0126, -42.785 -0.0125)), ((-42.755 0.0076, -42.785 0.0076, -42.785 0.0075, -42.815 0.0075, -42.815 0.008, -42.845 0.008, -42.845 0.013, -42.815 0.013, -42.815 0.0125, -42.785 0.0125, -42.785 0.0126, -42.755 0.0126, -42.755 0.0076)), ((-42.667501 0.019, -42.652501 0.019, -42.652501 0.004, -42.667501 0.004, -42.667501 0.019)), ((-42.755 0.0177, -42.785 0.0177, -42.785 0.0175, -42.815 0.0175, -42.815 0.0185, -42.845 0.0185, -42.845 0.0235, -42.815 0.0235, -42.815 0.0225, -42.785 0.0225, -42.785 0.0227, -42.755 0.0227, -42.755 0.0177)), ((-42.815 0.0425, -42.785 0.0425, -42.785 0.0429, -42.755 0.0429, -42.755 0.0379, -42.785 0.0379, -42.785 0.0375, -42.815 0.0375, -42.815 0.0395, -42.845 0.0395, -42.845 0.0445, -42.815 0.0445, -42.815 0.0425)), ((-42.667738 0.040868, -42.657132 0.051475, -42.646525000000004 0.040868, -42.657132 0.030262, -42.667738 0.040868)), ((-42.658192 0.05395, -42.65395 0.058192, -42.639807999999995 0.04405, -42.64405 0.039808, -42.658192 0.05395)), ((-42.651475 0.057132, -42.640868000000005 0.067738, -42.630262 0.057132, -42.640868000000005 0.046525, -42.651475 0.057132)), ((-42.815 0.1025, -42.785 0.1025, -42.785 0.1035, -42.755 0.1035, -42.755 0.1025, -42.735 0.1025, -42.735 0.0975, -42.755 0.0975, -42.755 0.0985, -42.785 0.0985, -42.785 0.0975, -42.815 0.0975, -42.815 0.1025)), ((-42.845 0.1075, -42.815 0.1075, -42.815 0.1025, -42.845 0.1025, -42.845 0.1075)), ((-42.6985 0.155, -42.6975 0.155, -42.6975 0.135, -42.7025 0.135, -42.7025 0.155, -42.7035 0.155, -42.7035 0.185, -42.7025 0.185, -42.7025 0.215, -42.6975 0.215, -42.6975 0.185, -42.6985 0.185, -42.6985 0.155)), ((-42.6525 0.255, -42.6475 0.255, -42.6475 0.245, -42.65 0.245, -42.65 0.215, -42.6475 0.215, -42.6475 0.185, -42.648 0.185, -42.648 0.155, -42.6475 0.155, -42.6475 0.145, -42.6525 0.145, -42.6525 0.155, -42.653 0.155, -42.653 0.185, -42.6525 0.185, -42.6525 0.215, -42.655 0.215, -42.655 0.245, -42.6525 0.245, -42.6525 0.255)), ((-42.6775 0.185, -42.6783 0.185, -42.6783 0.155, -42.6833 0.155, -42.6833 0.185, -42.6825 0.185, -42.6825 0.215, -42.6865 0.215, -42.6865 0.245, -42.6815 0.245, -42.6815 0.215, -42.6775 0.215, -42.6775 0.185)), ((-42.6575 0.185, -42.6581 0.185, -42.6581 0.155, -42.6631 0.155, -42.6631 0.185, -42.6625 0.185, -42.6625 0.215, -42.6655 0.215, -42.6655 0.245, -42.6605 0.245, -42.6605 0.215, -42.6575 0.215, -42.6575 0.185)), ((-42.6375 0.185, -42.6379 0.185, -42.6379 0.155, -42.642900000000004 0.155, -42.642900000000004 0.185, -42.6425 0.185, -42.6425 0.215, -42.6445 0.215, -42.6445 0.245, -42.6395 0.245, -42.6395 0.215, -42.6375 0.215, -42.6375 0.185)), ((-42.6675 0.185, -42.668200000000006 0.185, -42.668200000000006 0.155, -42.6732 0.155, -42.6732 0.185, -42.6725 0.185, -42.6725 0.215, -42.676 0.215, -42.676 0.245, -42.671 0.245, -42.671 0.215, -42.6675 0.215, -42.6675 0.185)), ((-42.6328 0.185, -42.6325 0.185, -42.6325 0.215, -42.634 0.215, -42.634 0.245, -42.629 0.245, -42.629 0.215, -42.6275 0.215, -42.6275 0.185, -42.6278 0.185, -42.6278 0.155, -42.6328 0.155, -42.6328 0.185)), ((-42.6875 0.185, -42.6884 0.185, -42.6884 0.155, -42.693400000000004 0.155, -42.693400000000004 0.185, -42.6925 0.185, -42.6925 0.215, -42.697 0.215, -42.697 0.245, -42.692 0.245, -42.692 0.215, -42.6875 0.215, -42.6875 0.185)), ((-42.7075 0.245, -42.7025 0.245, -42.7025 0.215, -42.7075 0.215, -42.7075 0.245)), ((-42.7025 0.265, -42.6975 0.265, -42.6975 0.245, -42.7025 0.245, -42.7025 0.265)), ((-42.5025 -0.245, -42.5005 -0.245, -42.5005 -0.215, -42.5025 -0.215, -42.5025 -0.185, -42.502 -0.185, -42.502 -0.155, -42.5025 -0.155, -42.5025 -0.135, -42.4975 -0.135, -42.4975 -0.155, -42.497 -0.155, -42.497 -0.185, -42.4975 -0.185, -42.4975 -0.215, -42.4955 -0.215, -42.4955 -0.245, -42.4975 -0.245, -42.4975 -0.265, -42.5025 -0.265, -42.5025 -0.245)), ((-42.6025 -0.135, -42.5975 -0.135, -42.5975 -0.155, -42.5975 -0.185, -42.5975 -0.215, -42.5975 -0.245, -42.5975 -0.265, -42.6025 -0.265, -42.6025 -0.245, -42.6025 -0.215, -42.6025 -0.185, -42.6025 -0.155, -42.6025 -0.135)), ((-42.5525 -0.185, -42.55225 -0.185, -42.55225 -0.155, -42.5525 -0.155, -42.5525 -0.145, -42.5475 -0.145, -42.5475 -0.155, -42.54725 -0.155, -42.54725 -0.185, -42.5475 -0.185, -42.5475 -0.215, -42.5465 -0.215, -42.5465 -0.245, -42.5475 -0.245, -42.5475 -0.255, -42.5525 -0.255, -42.5525 -0.245, -42.5515 -0.245, -42.5515 -0.215, -42.5525 -0.215, -42.5525 -0.185)), ((-42.57235 -0.155, -42.56735 -0.155, -42.56735 -0.185, -42.5675 -0.185, -42.5675 -0.215, -42.566900000000004 -0.215, -42.566900000000004 -0.245, -42.5719 -0.245, -42.5719 -0.215, -42.5725 -0.215, -42.5725 -0.185, -42.57235 -0.185, -42.57235 -0.155)), ((-42.5375 -0.215, -42.536300000000004 -0.215, -42.536300000000004 -0.245, -42.5413 -0.245, -42.5413 -0.215, -42.5425 -0.215, -42.5425 -0.185, -42.5422 -0.185, -42.5422 -0.155, -42.537200000000006 -0.155, -42.537200000000006 -0.185, -42.5375 -0.185, -42.5375 -0.215)), ((-42.6175 -0.215, -42.6179 -0.215, -42.6179 -0.245, -42.6229 -0.245, -42.6229 -0.215, -42.6225 -0.215, -42.6225 -0.185, -42.6226 -0.185, -42.6226 -0.155, -42.617599999999996 -0.155, -42.617599999999996 -0.185, -42.6175 -0.185, -42.6175 -0.215)), ((-42.5824 -0.155, -42.577400000000004 -0.155, -42.577400000000004 -0.185, -42.5775 -0.185, -42.5775 -0.215, -42.5771 -0.215, -42.5771 -0.245, -42.5821 -0.245, -42.5821 -0.215, -42.5825 -0.215, -42.5825 -0.185, -42.5824 -0.185, -42.5824 -0.155)), ((-42.53215 -0.155, -42.52715 -0.155, -42.52715 -0.185, -42.5275 -0.185, -42.5275 -0.215, -42.5261 -0.215, -42.5261 -0.245, -42.531099999999995 -0.245, -42.531099999999995 -0.215, -42.5325 -0.215, -42.5325 -0.185, -42.53215 -0.185, -42.53215 -0.155)), ((-42.5875 -0.215, -42.587300000000006 -0.215, -42.587300000000006 -0.245, -42.5923 -0.245, -42.5923 -0.215, -42.5925 -0.215, -42.5925 -0.185, -42.59245000000001 -0.185, -42.59245000000001 -0.155, -42.587450000000004 -0.155, -42.587450000000004 -0.185, -42.5875 -0.185, -42.5875 -0.215)), ((-42.5221 -0.155, -42.5171 -0.155, -42.5171 -0.185, -42.5175 -0.185, -42.5175 -0.215, -42.5159 -0.215, -42.5159 -0.245, -42.520900000000005 -0.245, -42.520900000000005 -0.215, -42.5225 -0.215, -42.5225 -0.185, -42.5221 -0.185, -42.5221 -0.155)), ((-42.51205 -0.155, -42.50705 -0.155, -42.50705 -0.185, -42.5075 -0.185, -42.5075 -0.215, -42.505700000000004 -0.215, -42.505700000000004 -0.245, -42.51070000000001 -0.245, -42.51070000000001 -0.215, -42.5125 -0.215, -42.5125 -0.185, -42.51205 -0.185, -42.51205 -0.155)), ((-42.5575 -0.215, -42.556700000000006 -0.215, -42.556700000000006 -0.245, -42.5617 -0.245, -42.5617 -0.215, -42.5625 -0.215, -42.5625 -0.185, -42.5623 -0.185, -42.5623 -0.155, -42.557300000000005 -0.155, -42.557300000000005 -0.185, -42.5575 -0.185, -42.5575 -0.215)), ((-42.6075 -0.215, -42.6077 -0.215, -42.6077 -0.245, -42.612700000000004 -0.245, -42.612700000000004 -0.215, -42.6125 -0.215, -42.6125 -0.185, -42.612550000000006 -0.185, -42.612550000000006 -0.155, -42.60755 -0.155, -42.60755 -0.185, -42.6075 -0.185, -42.6075 -0.215)), ((-42.431 -0.115, -42.439 -0.115, -42.439 -0.118, -42.433 -0.118, -42.431 -0.12, -42.431 -0.125, -42.433 -0.127, -42.439 -0.127, -42.441 -0.125, -42.441 -0.123, -42.439 -0.123, -42.439 -0.124, -42.438 -0.125, -42.434 -0.125, -42.433 -0.124, -42.433 -0.121, -42.434 -0.12, -42.441 -0.12, -42.441 -0.113, -42.431 -0.113, -42.431 -0.115)), ((-42.445 -0.098, -42.415 -0.098, -42.415 -0.0975, -42.385 -0.0975, -42.385 -0.0995, -42.355 -0.0995, -42.355 -0.0975, -42.335 -0.0975, -42.335 -0.1025, -42.355 -0.1025, -42.355 -0.1045, -42.385 -0.1045, -42.385 -0.1025, -42.415 -0.1025, -42.415 -0.103, -42.445 -0.103, -42.445 -0.1025, -42.465 -0.1025, -42.465 -0.0975, -42.445 -0.0975, -42.445 -0.098)), ((-42.445 -0.08795, -42.415 -0.08795, -42.415 -0.0875, -42.385 -0.0875, -42.385 -0.0893, -42.355 -0.0893, -42.355 -0.0943, -42.385 -0.0943, -42.385 -0.0925, -42.415 -0.0925, -42.415 -0.09295, -42.445 -0.09295, -42.445 -0.08795)), ((-42.445 -0.0779, -42.415 -0.0779, -42.415 -0.0775, -42.385 -0.0775, -42.385 -0.0791, -42.355 -0.0791, -42.355 -0.0841, -42.385 -0.0841, -42.385 -0.0825, -42.415 -0.0825, -42.415 -0.0829, -42.445 -0.0829, -42.445 -0.0779)), ((-42.445 -0.06785, -42.415 -0.06785, -42.415 -0.0675, -42.385 -0.0675, -42.385 -0.0689, -42.355 -0.0689, -42.355 -0.0739, -42.385 -0.0739, -42.385 -0.0725, -42.415 -0.0725, -42.415 -0.07285, -42.445 -0.07285, -42.445 -0.06785)), ((-42.445 -0.0578, -42.415 -0.0578, -42.415 -0.0575, -42.385 -0.0575, -42.385 -0.0587, -42.355 -0.0587, -42.355 -0.0637, -42.385 -0.0637, -42.385 -0.0625, -42.415 -0.0625, -42.415 -0.0628, -42.445 -0.0628, -42.445 -0.0578)), ((-42.619001000000004 -0.0525, -42.604001000000004 -0.0525, -42.604001000000004 -0.0675, -42.619001000000004 -0.0675, -42.619001000000004 -0.0525)), ((-42.596001 -0.0525, -42.581001 -0.0525, -42.581001 -0.0675, -42.596001 -0.0675, -42.596001 -0.0525)), ((-42.558132 -0.047525, -42.547525 -0.058132, -42.558132 -0.068738, -42.568737999999996 -0.058132, -42.558132 -0.047525)), ((-42.445 -0.04775, -42.415 -0.04775, -42.415 -0.0475, -42.385 -0.0475, -42.385 -0.0485, -42.355 -0.0485, -42.355 -0.0475, -42.345 -0.0475, -42.345 -0.0525, -42.355 -0.0525, -42.355 -0.0535, -42.385 -0.0535, -42.385 -0.0525, -42.415 -0.0525, -42.415 -0.05275, -42.445 -0.05275, -42.445 -0.0525, -42.455 -0.0525, -42.455 -0.0475, -42.445 -0.0475, -42.445 -0.04775)), ((-42.559192 -0.04505, -42.554950000000005 -0.040808, -42.540808 -0.05495, -42.54505 -0.059192, -42.559192 -0.04505)), ((-42.552475 -0.041868, -42.541868 -0.031262, -42.531262000000005 -0.041868, -42.541868 -0.052475, -42.552475 -0.041868)), ((-42.445 -0.0377, -42.415 -0.0377, -42.415 -0.0375, -42.385 -0.0375, -42.385 -0.0383, -42.355 -0.0383, -42.355 -0.0433, -42.385 -0.0433, -42.385 -0.0425, -42.415 -0.0425, -42.415 -0.0427, -42.445 -0.0427, -42.445 -0.0377)), ((-42.445 -0.02765, -42.415 -0.02765, -42.415 -0.0275, -42.385 -0.0275, -42.385 -0.0281, -42.355 -0.0281, -42.355 -0.0331, -42.385 -0.0331, -42.385 -0.0325, -42.415 -0.0325, -42.415 -0.03265, -42.445 -0.03265, -42.445 -0.02765)), ((-42.579991 -0.012, -42.561991 -0.012, -42.561991 -0.038, -42.587991 -0.038, -42.587991 -0.02, -42.595991000000005 -0.02, -42.595991000000005 -0.004, -42.579991 -0.004, -42.579991 -0.012)), ((-42.603991 -0.02, -42.612010999999995 -0.02, -42.612010999999995 -0.038, -42.638011 -0.038, -42.638011 -0.012, -42.619991 -0.012, -42.619991 -0.004, -42.603991 -0.004, -42.603991 -0.02)), ((-42.415 -0.0176, -42.415 -0.0175, -42.385 -0.0175, -42.385 -0.0179, -42.355 -0.0179, -42.355 -0.0229, -42.385 -0.0229, -42.385 -0.0225, -42.415 -0.0225, -42.415 -0.0226, -42.445 -0.0226, -42.445 -0.0176, -42.415 -0.0176)), ((-42.532501 -0.004, -42.532501 -0.019, -42.547501000000004 -0.019, -42.547501000000004 -0.004, -42.532501 -0.004)), ((-42.445 0.0025, -42.415 0.0025, -42.385 0.0025, -42.355 0.0025, -42.335 0.0025, -42.335 -0.0025, -42.355 -0.0025, -42.385 -0.0025, -42.415 -0.0025, -42.445 -0.0025, -42.465 -0.0025, -42.465 0.0025, -42.445 0.0025)), ((-42.603 0.09, -42.597 0.09, -42.597 0.003, -42.51 0.003, -42.51 -0.003, -42.597 -0.003, -42.597 -0.09, -42.603 -0.09, -42.603 -0.003, -42.69 -0.003, -42.69 0.003, -42.603 0.003, -42.603 0.09)), ((-42.547501000000004 0.019, -42.532501 0.019, -42.532501 0.004, -42.547501000000004 0.004, -42.547501000000004 0.019)), ((-42.561991 0.012, -42.579991 0.012, -42.579991 0.004, -42.595991000000005 0.004, -42.595991000000005 0.02, -42.587991 0.02, -42.587991 0.038, -42.561991 0.038, -42.561991 0.012)), ((-42.611991 0.02, -42.603991 0.02, -42.603991 0.004, -42.619991 0.004, -42.619991 0.012, -42.637991 0.012, -42.637991 0.038, -42.611991 0.038, -42.611991 0.02)), ((-42.445 0.03265, -42.415 0.03265, -42.415 0.0325, -42.385 0.0325, -42.385 0.0331, -42.355 0.0331, -42.355 0.0281, -42.385 0.0281, -42.385 0.0275, -42.415 0.0275, -42.415 0.02765, -42.445 0.02765, -42.445 0.03265)), ((-42.415 0.0427, -42.415 0.0425, -42.385 0.0425, -42.385 0.0433, -42.355 0.0433, -42.355 0.0383, -42.385 0.0383, -42.385 0.0375, -42.415 0.0375, -42.415 0.0377, -42.445 0.0377, -42.445 0.0427, -42.415 0.0427)), ((-42.552475 0.041868, -42.541868 0.052475, -42.531262000000005 0.041868, -42.541868 0.031262, -42.552475 0.041868)), ((-42.559192 0.04505, -42.54505 0.059192, -42.540808 0.05495, -42.554950000000005 0.040808, -42.559192 0.04505)), ((-42.415 0.0525, -42.385 0.0525, -42.385 0.0535, -42.355 0.0535, -42.355 0.0525, -42.345 0.0525, -42.345 0.0475, -42.355 0.0475, -42.355 0.0485, -42.385 0.0485, -42.385 0.0475, -42.415 0.0475, -42.415 0.04775, -42.445 0.04775, -42.445 0.0475, -42.455 0.0475, -42.455 0.0525, -42.445 0.0525, -42.445 0.05275, -42.415 0.05275, -42.415 0.0525)), ((-42.568737999999996 0.058132, -42.558132 0.068738, -42.547525 0.058132, -42.558132 0.047525, -42.568737999999996 0.058132)), ((-42.619001000000004 0.0675, -42.604001000000004 0.0675, -42.604001000000004 0.0525, -42.619001000000004 0.0525, -42.619001000000004 0.0675)), ((-42.596001 0.0675, -42.581001 0.0675, -42.581001 0.0525, -42.596001 0.0525, -42.596001 0.0675)), ((-42.385 0.0637, -42.355 0.0637, -42.355 0.0587, -42.385 0.0587, -42.385 0.0575, -42.415 0.0575, -42.415 0.0578, -42.445 0.0578, -42.445 0.0628, -42.415 0.0628, -42.415 0.0625, -42.385 0.0625, -42.385 0.0637)), ((-42.385 0.0739, -42.355 0.0739, -42.355 0.0689, -42.385 0.0689, -42.385 0.0675, -42.415 0.0675, -42.415 0.06785, -42.445 0.06785, -42.445 0.07285, -42.415 0.07285, -42.415 0.0725, -42.385 0.0725, -42.385 0.0739)), ((-42.385 0.0943, -42.355 0.0943, -42.355 0.0893, -42.385 0.0893, -42.385 0.0875, -42.415 0.0875, -42.415 0.08795, -42.445 0.08795, -42.445 0.09295, -42.415 0.09295, -42.415 0.0925, -42.385 0.0925, -42.385 0.0943)), ((-42.415 0.1025, -42.385 0.1025, -42.385 0.1045, -42.355 0.1045, -42.355 0.1025, -42.335 0.1025, -42.335 0.0975, -42.355 0.0975, -42.355 0.0995, -42.385 0.0995, -42.385 0.0975, -42.415 0.0975, -42.415 0.098, -42.445 0.098, -42.445 0.0975, -42.465 0.0975, -42.465 0.1025, -42.445 0.1025, -42.445 0.103, -42.415 0.103, -42.415 0.1025)), ((-42.4965 0.155, -42.4975 0.155, -42.4975 0.135, -42.5025 0.135, -42.5025 0.155, -42.5015 0.155, -42.5015 0.185, -42.5025 0.185, -42.5025 0.215, -42.4975 0.215, -42.4975 0.185, -42.4965 0.185, -42.4965 0.155)), ((-42.5975 0.265, -42.5975 0.245, -42.5975 0.215, -42.5975 0.185, -42.5975 0.155, -42.5975 0.135, -42.6025 0.135, -42.6025 0.155, -42.6025 0.185, -42.6025 0.215, -42.6025 0.245, -42.6025 0.265, -42.5975 0.265)), ((-42.5525 0.255, -42.5475 0.255, -42.5475 0.245, -42.545 0.245, -42.545 0.215, -42.5475 0.215, -42.5475 0.185, -42.547 0.185, -42.547 0.155, -42.5475 0.155, -42.5475 0.145, -42.5525 0.145, -42.5525 0.155, -42.552 0.155, -42.552 0.185, -42.5525 0.185, -42.5525 0.215, -42.55 0.215, -42.55 0.245, -42.5525 0.245, -42.5525 0.255)), ((-42.5815 0.245, -42.5765 0.245, -42.5765 0.215, -42.5775 0.215, -42.5775 0.185, -42.5773 0.185, -42.5773 0.155, -42.582300000000004 0.155, -42.582300000000004 0.185, -42.5825 0.185, -42.5825 0.215, -42.5815 0.215, -42.5815 0.245)), ((-42.5555 0.245, -42.5555 0.215, -42.5575 0.215, -42.5575 0.185, -42.5571 0.185, -42.5571 0.155, -42.5621 0.155, -42.5621 0.185, -42.5625 0.185, -42.5625 0.215, -42.5605 0.215, -42.5605 0.245, -42.5555 0.245)), ((-42.6185 0.245, -42.6185 0.215, -42.6175 0.215, -42.6175 0.185, -42.617700000000006 0.185, -42.617700000000006 0.155, -42.6227 0.155, -42.6227 0.185, -42.6225 0.185, -42.6225 0.215, -42.6235 0.215, -42.6235 0.245, -42.6185 0.245)), ((-42.592 0.245, -42.587 0.245, -42.587 0.215, -42.5875 0.215, -42.5875 0.185, -42.5874 0.185, -42.5874 0.155, -42.592400000000005 0.155, -42.592400000000005 0.185, -42.5925 0.185, -42.5925 0.215, -42.592 0.215, -42.592 0.245)), ((-42.613 0.245, -42.608 0.245, -42.608 0.215, -42.6075 0.215, -42.6075 0.185, -42.6076 0.185, -42.6076 0.155, -42.6126 0.155, -42.6126 0.185, -42.6125 0.185, -42.6125 0.215, -42.613 0.215, -42.613 0.245)), ((-42.529 0.245, -42.524 0.245, -42.524 0.215, -42.5275 0.215, -42.5275 0.185, -42.5268 0.185, -42.5268 0.155, -42.531800000000004 0.155, -42.531800000000004 0.185, -42.5325 0.185, -42.5325 0.215, -42.529 0.215, -42.529 0.245)), ((-42.5185 0.245, -42.5135 0.245, -42.5135 0.215, -42.5175 0.215, -42.5175 0.185, -42.51670000000001 0.185, -42.51670000000001 0.155, -42.5217 0.155, -42.5217 0.185, -42.5225 0.185, -42.5225 0.215, -42.5185 0.215, -42.5185 0.245)), ((-42.571 0.245, -42.566 0.245, -42.566 0.215, -42.5675 0.215, -42.5675 0.185, -42.56720000000001 0.185, -42.56720000000001 0.155, -42.5722 0.155, -42.5722 0.185, -42.5725 0.185, -42.5725 0.215, -42.571 0.215, -42.571 0.245)), ((-42.5345 0.245, -42.5345 0.215, -42.5375 0.215, -42.5375 0.185, -42.5369 0.185, -42.5369 0.155, -42.5419 0.155, -42.5419 0.185, -42.5425 0.185, -42.5425 0.215, -42.5395 0.215, -42.5395 0.245, -42.5345 0.245)), ((-42.508 0.245, -42.503 0.245, -42.503 0.215, -42.5075 0.215, -42.5075 0.185, -42.5066 0.185, -42.5066 0.155, -42.5116 0.155, -42.5116 0.185, -42.5125 0.185, -42.5125 0.215, -42.508 0.215, -42.508 0.245)), ((-42.434141000000004 0.173118, -42.434141000000004 0.163118, -42.436141000000006 0.163118, -42.436141000000006 0.177118, -42.434141000000004 0.177118, -42.432141 0.175118, -42.430141000000006 0.175118, -42.428141000000004 0.177118, -42.426141 0.177118, -42.426141 0.163118, -42.428141000000004 0.163118, -42.428141000000004 0.173118, -42.429141 0.173118, -42.431141000000004 0.171118, -42.433141000000006 0.173118, -42.434141000000004 0.173118)), ((-42.452141000000005 0.163118, -42.458141000000005 0.163118, -42.460141 0.165118, -42.460141 0.175118, -42.458141000000005 0.177118, -42.452141000000005 0.177118, -42.450141 0.175118, -42.450141 0.165118, -42.452141000000005 0.163118), (-42.452141000000005 0.166118, -42.452141000000005 0.174118, -42.453141 0.175118, -42.457141 0.175118, -42.458141000000005 0.174118, -42.458141000000005 0.166118, -42.457141 0.165118, -42.453141 0.165118, -42.452141000000005 0.166118)), ((-42.456141 0.172118, -42.454141 0.172118, -42.454141 0.168118, -42.456141 0.168118, -42.456141 0.172118)), ((-42.464141000000005 0.163118, -42.470141000000005 0.163118, -42.472141 0.165118, -42.472141 0.175118, -42.470141000000005 0.177118, -42.464141000000005 0.177118, -42.462141 0.175118, -42.462141 0.165118, -42.464141000000005 0.163118), (-42.464141000000005 0.166118, -42.464141000000005 0.174118, -42.465141 0.175118, -42.469141 0.175118, -42.470141000000005 0.174118, -42.470141000000005 0.166118, -42.469141 0.165118, -42.465141 0.165118, -42.464141000000005 0.166118)), ((-42.468141 0.172118, -42.466141 0.172118, -42.466141 0.168118, -42.468141 0.168118, -42.468141 0.172118)), ((-42.44814100000001 0.177118, -42.446141000000004 0.177118, -42.441141 0.172118, -42.440141000000004 0.172118, -42.440141000000004 0.177118, -42.438141 0.177118, -42.438141 0.163118, -42.440141000000004 0.163118, -42.440141000000004 0.168118, -42.44514100000001 0.173118, -42.446141000000004 0.173118, -42.446141000000004 0.163118, -42.44814100000001 0.163118, -42.44814100000001 0.177118)), ((-42.484141 0.165118, -42.480141 0.165118, -42.480141 0.173118, -42.481141 0.173118, -42.483141 0.171118, -42.484141 0.171118, -42.484141 0.173118, -42.480141 0.177118, -42.478141 0.177118, -42.478141 0.165118, -42.474141 0.165118, -42.474141 0.163118, -42.484141 0.163118, -42.484141 0.165118)), ((-42.4975 0.245, -42.4925 0.245, -42.4925 0.215, -42.4975 0.215, -42.4975 0.245)), ((-42.452141000000005 0.223524, -42.458141000000005 0.223524, -42.460141 0.225524, -42.460141 0.235524, -42.458141000000005 0.237524, -42.452141000000005 0.237524, -42.450141 0.235524, -42.450141 0.225524, -42.452141000000005 0.223524), (-42.452141000000005 0.226524, -42.452141000000005 0.234524, -42.453141 0.235524, -42.457141 0.235524, -42.458141000000005 0.234524, -42.458141000000005 0.226524, -42.457141 0.225524, -42.453141 0.225524, -42.452141000000005 0.226524)), ((-42.434141000000004 0.233524, -42.434141000000004 0.223524, -42.436141000000006 0.223524, -42.436141000000006 0.237524, -42.434141000000004 0.237524, -42.432141 0.235524, -42.430141000000006 0.235524, -42.428141000000004 0.237524, -42.426141 0.237524, -42.426141 0.223524, -42.428141000000004 0.223524, -42.428141000000004 0.233524, -42.429141 0.233524, -42.431141000000004 0.231524, -42.433141000000006 0.233524, -42.434141000000004 0.233524)), ((-42.44814100000001 0.223524, -42.44814100000001 0.237524, -42.446141000000004 0.237524, -42.441141 0.232524, -42.440141000000004 0.232524, -42.440141000000004 0.237524, -42.438141 0.237524, -42.438141 0.223524, -42.440141000000004 0.223524, -42.440141000000004 0.228524, -42.44514100000001 0.233524, -42.446141000000004 0.233524, -42.446141000000004 0.223524, -42.44814100000001 0.223524)), ((-42.474141 0.235524, -42.482141000000006 0.235524, -42.482141000000006 0.232524, -42.476141000000005 0.232524, -42.474141 0.230524, -42.474141 0.225524, -42.476141000000005 0.223524, -42.482141000000006 0.223524, -42.484141 0.225524, -42.484141 0.227524, -42.482141000000006 0.227524, -42.482141000000006 0.226524, -42.481141 0.225524, -42.477141 0.225524, -42.476141000000005 0.226524, -42.476141000000005 0.229524, -42.477141 0.230524, -42.484141 0.230524, -42.484141 0.237524, -42.474141 0.237524, -42.474141 0.235524)), ((-42.468141 0.232524, -42.466141 0.232524, -42.466141 0.228524, -42.468141 0.228524, -42.468141 0.232524)), ((-42.470141000000005 0.223524, -42.472141 0.225524, -42.472141 0.235524, -42.470141000000005 0.237524, -42.464141000000005 0.237524, -42.462141 0.235524, -42.462141 0.225524, -42.464141000000005 0.223524, -42.470141000000005 0.223524), (-42.464141000000005 0.234524, -42.465141 0.235524, -42.469141 0.235524, -42.470141000000005 0.234524, -42.470141000000005 0.226524, -42.469141 0.225524, -42.465141 0.225524, -42.464141000000005 0.226524, -42.464141000000005 0.234524)), ((-42.456141 0.232524, -42.454141 0.232524, -42.454141 0.228524, -42.456141 0.228524, -42.456141 0.232524)), ((-42.5025 0.265, -42.4975 0.265, -42.4975 0.245, -42.5025 0.245, -42.5025 0.265)), ((-42.359 -0.118, -42.357 -0.118, -42.357 -0.122, -42.359 -0.122, -42.359 -0.118)), ((-42.353 -0.115, -42.353 -0.125, -42.355 -0.127, -42.361 -0.127, -42.363 -0.125, -42.363 -0.115, -42.361 -0.113, -42.355 -0.113, -42.353 -0.115), (-42.356 -0.115, -42.36 -0.115, -42.361 -0.116, -42.361 -0.124, -42.36 -0.125, -42.356 -0.125, -42.355 -0.124, -42.355 -0.116, -42.356 -0.115)), ((-42.425 -0.118, -42.423 -0.118, -42.423 -0.122, -42.425 -0.122, -42.425 -0.118)), ((-42.419 -0.115, -42.419 -0.125, -42.421 -0.127, -42.427 -0.127, -42.429 -0.125, -42.429 -0.115, -42.427 -0.113, -42.421 -0.113, -42.419 -0.115), (-42.422 -0.115, -42.426 -0.115, -42.427 -0.116, -42.427 -0.124, -42.426 -0.125, -42.422 -0.125, -42.421 -0.124, -42.421 -0.116, -42.422 -0.115)), ((-42.379 -0.113, -42.377 -0.115, -42.377 -0.12, -42.379 -0.122, -42.384 -0.122, -42.385 -0.123, -42.385 -0.125, -42.377 -0.125, -42.377 -0.127, -42.387 -0.127, -42.387 -0.122, -42.385 -0.12, -42.38 -0.12, -42.379 -0.119, -42.379 -0.116, -42.38 -0.115, -42.384 -0.115, -42.385 -0.116, -42.385 -0.117, -42.387 -0.117, -42.387 -0.115, -42.385 -0.113, -42.379 -0.113)), ((-42.365 -0.115, -42.365 -0.125, -42.367 -0.127, -42.373 -0.127, -42.375 -0.125, -42.375 -0.115, -42.373 -0.113, -42.367 -0.113, -42.365 -0.115), (-42.368 -0.115, -42.372 -0.115, -42.373 -0.116, -42.373 -0.124, -42.372 -0.125, -42.368 -0.125, -42.367 -0.124, -42.367 -0.116, -42.368 -0.115)), ((-42.371 -0.118, -42.369 -0.118, -42.369 -0.122, -42.371 -0.122, -42.371 -0.118)), ((-42.385 -0.0077, -42.355 -0.0077, -42.355 -0.0127, -42.385 -0.0127, -42.385 -0.0125, -42.415 -0.0125, -42.415 -0.01255, -42.445 -0.01255, -42.445 -0.00755, -42.415 -0.00755, -42.415 -0.0075, -42.385 -0.0075, -42.385 -0.0077)), ((-42.355 0.0077, -42.385 0.0077, -42.385 0.0075, -42.415 0.0075, -42.415 0.00755, -42.445 0.00755, -42.445 0.01255, -42.415 0.01255, -42.415 0.0125, -42.385 0.0125, -42.385 0.0127, -42.355 0.0127, -42.355 0.0077)), ((-42.355 0.0179, -42.385 0.0179, -42.385 0.0175, -42.415 0.0175, -42.415 0.0176, -42.445 0.0176, -42.445 0.0226, -42.415 0.0226, -42.415 0.0225, -42.385 0.0225, -42.385 0.0229, -42.355 0.0229, -42.355 0.0179)), ((-42.445 0.0779, -42.445 0.0829, -42.415 0.0829, -42.415 0.0825, -42.385 0.0825, -42.385 0.0841, -42.355 0.0841, -42.355 0.0791, -42.385 0.0791, -42.385 0.0775, -42.415 0.0775, -42.415 0.0779, -42.445 0.0779)), ((-42.179087 -0.0075, -42.179087 0.0025, -42.179087 0.0125, -42.179087 0.0225, -42.179087 0.0325, -42.179087 0.0425, -42.179087 0.0525, -42.179087 0.0625, -42.179087 0.0725, -42.179087 0.0825, -42.179087 0.0925, -42.179087 0.1025, -42.179087 0.155, -42.179087 0.215, -42.179087 0.265, -42.179087 0.265851, -42.180079 0.267835, -41.62457 0.267835, -41.62457 -0.270811, -42.179087 -0.270811, -42.179087 -0.245, -42.179087 -0.185, -42.179087 -0.135, -42.179087 -0.0975, -42.179087 -0.0875, -42.179087 -0.0775, -42.179087 -0.0675, -42.179087 -0.0575, -42.179087 -0.0475, -42.179087 -0.0375, -42.179087 -0.0275, -42.179087 -0.0175, -42.179087 -0.0075), (-41.987950000000005 -0.185, -41.9925 -0.185, -41.9925 -0.215, -41.9893 -0.215, -41.9875 -0.215, -41.9875 -0.185, -41.987950000000005 -0.185), (-41.9779 -0.185, -41.9825 -0.185, -41.9825 -0.215, -41.979099999999995 -0.215, -41.9775 -0.215, -41.9775 -0.185, -41.9779 -0.185), (-41.957800000000006 -0.185, -41.9625 -0.185, -41.9625 -0.215, -41.95870000000001 -0.215, -41.9575 -0.215, -41.9575 -0.185, -41.957800000000006 -0.185), (-41.96785 -0.185, -41.9725 -0.185, -41.9725 -0.215, -41.968900000000005 -0.215, -41.9675 -0.215, -41.9675 -0.185, -41.96785 -0.185), (-41.998 -0.185, -42.0025 -0.185, -42.0025 -0.215, -41.9995 -0.215, -41.9975 -0.215, -41.9975 -0.185, -41.998 -0.185), (-41.9975 -0.245, -41.9995 -0.245, -42.0025 -0.245, -42.0025 -0.265, -41.9975 -0.265, -41.9975 -0.245), (-41.9975 -0.135, -42.0025 -0.135, -42.0025 -0.155, -41.998 -0.155, -41.9975 -0.155, -41.9975 -0.145, -41.9975 -0.135), (-42.055 -0.0975, -42.055 -0.0985, -42.055 -0.1025, -42.035 -0.1025, -42.035 -0.0975, -42.055 -0.0975), (-42.115 -0.1025, -42.085 -0.1025, -42.085 -0.0985, -42.085 -0.0975, -42.115 -0.0975, -42.115 -0.1025), (-42.085 -0.0875, -42.115 -0.0875, -42.115 -0.092, -42.115 -0.0925, -42.085 -0.0925, -42.085 -0.0884, -42.085 -0.0875), (-42.085 -0.0775, -42.115 -0.0775, -42.115 -0.0815, -42.115 -0.0825, -42.085 -0.0825, -42.085 -0.0783, -42.085 -0.0775), (-42.085 -0.0675, -42.115 -0.0675, -42.115 -0.071, -42.115 -0.0725, -42.085 -0.0725, -42.085 -0.0682, -42.085 -0.0675), (-42.085 -0.0575, -42.115 -0.0575, -42.115 -0.0605, -42.115 -0.0625, -42.085 -0.0625, -42.085 -0.0581, -42.085 -0.0575), (-42.085 -0.0475, -42.115 -0.0475, -42.115 -0.05, -42.115 -0.0525, -42.085 -0.0525, -42.085 -0.048, -42.085 -0.0475), (-42.155 -0.0525, -42.145 -0.0525, -42.145 -0.05, -42.145 -0.0475, -42.155 -0.0475, -42.155 -0.0525), (-42.055 -0.0475, -42.055 -0.048, -42.055 -0.0525, -42.045 -0.0525, -42.045 -0.0475, -42.055 -0.0475), (-42.085 -0.0379, -42.085 -0.0375, -42.115 -0.0375, -42.115 -0.0395, -42.115 -0.0425, -42.085 -0.0425, -42.085 -0.040808, -42.085 -0.0379), (-42.085 -0.0275, -42.115 -0.0275, -42.115 -0.029, -42.115 -0.0325, -42.085 -0.0325, -42.085 -0.0278, -42.085 -0.0275), (-42.085 -0.0175, -42.115 -0.0175, -42.115 -0.0185, -42.115 -0.0225, -42.085 -0.0225, -42.085 -0.0177, -42.085 -0.0175), (-42.085 -0.0075, -42.115 -0.0075, -42.115 -0.008, -42.115 -0.0125, -42.085 -0.0125, -42.085 -0.0076, -42.085 -0.0075), (-42.055 0.0025, -42.055 -0.0025, -42.035 -0.0025, -42.035 0.0025, -42.055 0.0025), (-42.085 -0.0025, -42.085 0.0025, -42.115 0.0025, -42.115 -0.0025, -42.085 -0.0025), (-42.145 -0.0025, -42.145 0.0025, -42.165 0.0025, -42.165 -0.0025, -42.145 -0.0025), (-42.115 0.0075, -42.085 0.0075, -42.085 0.0076, -42.085 0.0125, -42.115 0.0125, -42.115 0.008, -42.115 0.0075), (-42.115 0.0175, -42.085 0.0175, -42.085 0.0177, -42.085 0.0225, -42.115 0.0225, -42.115 0.0185, -42.115 0.0175), (-42.115 0.0275, -42.085 0.0275, -42.085 0.0278, -42.085 0.0325, -42.115 0.0325, -42.115 0.029, -42.115 0.0275), (-42.115 0.0375, -42.085 0.0375, -42.085 0.0379, -42.085 0.0425, -42.115 0.0425, -42.115 0.0395, -42.115 0.0375), (-42.045 0.0525, -42.055 0.0525, -42.055 0.048, -42.055 0.0475, -42.045 0.0475, -42.045 0.0525), (-42.115 0.0475, -42.085 0.0475, -42.085 0.048, -42.085 0.0525, -42.115 0.0525, -42.115 0.05, -42.115 0.0475), (-42.145 0.0475, -42.145 0.05, -42.145 0.0525, -42.155 0.0525, -42.155 0.0475, -42.145 0.0475), (-42.115 0.0605, -42.115 0.0575, -42.085 0.0575, -42.085 0.0581, -42.085 0.058192, -42.085 0.0625, -42.115 0.0625, -42.115 0.0605), (-42.115 0.0675, -42.085 0.0675, -42.085 0.0682, -42.085 0.0725, -42.115 0.0725, -42.115 0.071, -42.115 0.0675), (-42.115 0.0775, -42.085 0.0775, -42.085 0.0783, -42.085 0.0825, -42.115 0.0825, -42.115 0.0815, -42.115 0.0775), (-42.115 0.092, -42.115 0.0875, -42.085 0.0875, -42.085 0.0884, -42.085 0.09, -42.085 0.0925, -42.115 0.0925, -42.115 0.092), (-42.035 0.1025, -42.055 0.1025, -42.055 0.0985, -42.055 0.0975, -42.035 0.0975, -42.035 0.1025), (-42.085 0.0975, -42.085 0.0985, -42.085 0.1025, -42.115 0.1025, -42.115 0.0975, -42.085 0.0975), (-42.0025 0.215, -42.0025 0.185, -41.9985 0.185, -41.9975 0.185, -41.9975 0.215, -42.0025 0.215), (-41.9975 0.155, -41.9985 0.155, -42.0025 0.155, -42.0025 0.135, -41.9975 0.135, -41.9975 0.155), (-41.992 0.215, -41.9925 0.215, -41.9925 0.185, -41.9884 0.185, -41.9875 0.185, -41.9875 0.215, -41.992 0.215), (-41.971 0.215, -41.9725 0.215, -41.9725 0.185, -41.9682 0.185, -41.9675 0.185, -41.9675 0.215, -41.971 0.215), (-41.9815 0.215, -41.9825 0.215, -41.9825 0.185, -41.978300000000004 0.185, -41.9775 0.185, -41.9775 0.215, -41.9815 0.215), (-41.9575 0.185, -41.9575 0.215, -41.9605 0.215, -41.9625 0.215, -41.9625 0.185, -41.9581 0.185, -41.9575 0.185), (-41.92765 -0.185, -41.9325 -0.185, -41.9325 -0.215, -41.9281 -0.215, -41.9275 -0.215, -41.9275 -0.185, -41.92765 -0.185), (-41.8125 -0.185, -41.8125 -0.215, -41.810700000000004 -0.215, -41.8075 -0.215, -41.8075 -0.185, -41.812050000000006 -0.185, -41.8125 -0.185), (-41.8025 -0.185, -41.8025 -0.215, -41.8005 -0.215, -41.7975 -0.215, -41.7975 -0.185, -41.802 -0.185, -41.8025 -0.185), (-41.7975 -0.265, -41.7975 -0.245, -41.8005 -0.245, -41.8025 -0.245, -41.8025 -0.265, -41.7975 -0.265), (-41.8225 -0.185, -41.8225 -0.215, -41.8209 -0.215, -41.8175 -0.215, -41.8175 -0.185, -41.8221 -0.185, -41.8225 -0.185), (-41.8325 -0.185, -41.8325 -0.215, -41.8311 -0.215, -41.8275 -0.215, -41.8275 -0.185, -41.83215 -0.185, -41.8325 -0.185), (-41.8425 -0.185, -41.8425 -0.215, -41.841300000000004 -0.215, -41.8375 -0.215, -41.8375 -0.185, -41.842200000000005 -0.185, -41.8425 -0.185), (-41.8525 -0.185, -41.8525 -0.215, -41.8515 -0.215, -41.8475 -0.215, -41.8475 -0.185, -41.85225 -0.185, -41.8525 -0.185), (-41.8475 -0.255, -41.8475 -0.245, -41.8515 -0.245, -41.8525 -0.245, -41.8525 -0.255, -41.8475 -0.255), (-41.8625 -0.185, -41.8625 -0.215, -41.861700000000006 -0.215, -41.8575 -0.215, -41.8575 -0.185, -41.862300000000005 -0.185, -41.8625 -0.185), (-41.94775 -0.185, -41.9525 -0.185, -41.9525 -0.215, -41.9485 -0.215, -41.9475 -0.215, -41.9475 -0.185, -41.94775 -0.185), (-41.9475 -0.245, -41.9485 -0.245, -41.9525 -0.245, -41.9525 -0.255, -41.9475 -0.255, -41.9475 -0.245), (-41.8725 -0.185, -41.8725 -0.215, -41.871900000000004 -0.215, -41.8675 -0.215, -41.8675 -0.185, -41.87235 -0.185, -41.8725 -0.185), (-41.8825 -0.185, -41.8825 -0.215, -41.8821 -0.215, -41.8775 -0.215, -41.8775 -0.185, -41.882400000000004 -0.185, -41.8825 -0.185), (-41.8925 -0.185, -41.8925 -0.215, -41.892300000000006 -0.215, -41.8875 -0.215, -41.8875 -0.185, -41.892450000000004 -0.185, -41.8925 -0.185), (-41.9025 -0.215, -41.8975 -0.215, -41.8975 -0.185, -41.9025 -0.185, -41.9025 -0.215), (-41.8975 -0.245, -41.9025 -0.245, -41.9025 -0.265, -41.8975 -0.265, -41.8975 -0.245), (-41.90755 -0.185, -41.9125 -0.185, -41.9125 -0.215, -41.907700000000006 -0.215, -41.9075 -0.215, -41.9075 -0.185, -41.90755 -0.185), (-41.93770000000001 -0.185, -41.9425 -0.185, -41.9425 -0.215, -41.938300000000005 -0.215, -41.9375 -0.215, -41.9375 -0.185, -41.93770000000001 -0.185), (-41.9176 -0.185, -41.9225 -0.185, -41.9225 -0.215, -41.9179 -0.215, -41.9175 -0.215, -41.9175 -0.185, -41.9176 -0.185), (-41.8025 -0.155, -41.802 -0.155, -41.7975 -0.155, -41.7975 -0.135, -41.8025 -0.135, -41.8025 -0.155), (-41.8525 -0.155, -41.85225 -0.155, -41.8475 -0.155, -41.8475 -0.145, -41.8525 -0.145, -41.8525 -0.155), (-41.9525 -0.145, -41.9525 -0.155, -41.94775 -0.155, -41.9475 -0.155, -41.9475 -0.145, -41.9525 -0.145), (-41.9025 -0.135, -41.9025 -0.155, -41.8975 -0.155, -41.8975 -0.145, -41.8975 -0.135, -41.9025 -0.135), (-41.655 -0.0975, -41.655 -0.0995, -41.655 -0.1025, -41.635 -0.1025, -41.635 -0.0975, -41.655 -0.0975), (-41.715 -0.098, -41.715 -0.1025, -41.685 -0.1025, -41.685 -0.0995, -41.685 -0.0975, -41.715 -0.0975, -41.715 -0.098), (-41.765 -0.1025, -41.745 -0.1025, -41.745 -0.098, -41.745 -0.0975, -41.765 -0.0975, -41.765 -0.1025), (-41.715 -0.08795, -41.715 -0.0925, -41.685 -0.0925, -41.685 -0.0893, -41.685 -0.0875, -41.715 -0.0875, -41.715 -0.08795), (-41.715 -0.0779, -41.715 -0.0825, -41.685 -0.0825, -41.685 -0.0791, -41.685 -0.0775, -41.715 -0.0775, -41.715 -0.0779), (-41.715 -0.06785, -41.715 -0.0725, -41.685 -0.0725, -41.685 -0.0689, -41.685 -0.0675, -41.715 -0.0675, -41.715 -0.06785), (-41.685 -0.0575, -41.715 -0.0575, -41.715 -0.0578, -41.715 -0.0625, -41.685 -0.0625, -41.685 -0.0587, -41.685 -0.0575), (-41.655 -0.0475, -41.655 -0.0485, -41.655 -0.0525, -41.645 -0.0525, -41.645 -0.0475, -41.655 -0.0475), (-41.715 -0.04775, -41.715 -0.0525, -41.685 -0.0525, -41.685 -0.0485, -41.685 -0.0475, -41.715 -0.0475, -41.715 -0.04775), (-41.755 -0.0525, -41.745 -0.0525, -41.745 -0.04775, -41.745 -0.0475, -41.755 -0.0475, -41.755 -0.0525), (-41.715 -0.0375, -41.715 -0.0377, -41.715 -0.0425, -41.685 -0.0425, -41.685 -0.0383, -41.685 -0.0375, -41.715 -0.0375), (-41.715 -0.0275, -41.715 -0.02765, -41.715 -0.0325, -41.685 -0.0325, -41.685 -0.0281, -41.685 -0.0275, -41.715 -0.0275), (-41.715 -0.0176, -41.715 -0.0225, -41.685 -0.0225, -41.685 -0.0179, -41.685 -0.0175, -41.715 -0.0175, -41.715 -0.0176), (-41.715 -0.00755, -41.715 -0.0125, -41.685 -0.0125, -41.685 -0.0077, -41.685 -0.0075, -41.715 -0.0075, -41.715 -0.00755), (-41.9975 0.255, -41.9975 0.265, -42.0025 0.265, -42.0025 0.245, -41.9975 0.245, -41.9975 0.255), (-41.8975 0.255, -41.8975 0.265, -41.9025 0.265, -41.9025 0.245, -41.8975 0.245, -41.8975 0.255), (-41.8025 0.245, -41.7975 0.245, -41.7975 0.265, -41.8025 0.265, -41.8025 0.245), (-41.8525 0.255, -41.8525 0.245, -41.85 0.245, -41.8475 0.245, -41.8475 0.255, -41.8525 0.255), (-41.9525 0.255, -41.9525 0.245, -41.95 0.245, -41.9475 0.245, -41.9475 0.255, -41.9525 0.255), (-41.9475 0.215, -41.95 0.215, -41.9525 0.215, -41.9525 0.185, -41.948 0.185, -41.9475 0.185, -41.9475 0.215), (-41.9375 0.215, -41.9395 0.215, -41.9425 0.215, -41.9425 0.185, -41.9379 0.185, -41.9375 0.185, -41.9375 0.215), (-41.9275 0.215, -41.929 0.215, -41.9325 0.215, -41.9325 0.185, -41.927800000000005 0.185, -41.9275 0.185, -41.9275 0.215), (-41.9175 0.215, -41.9185 0.215, -41.9225 0.215, -41.9225 0.185, -41.9177 0.185, -41.9175 0.185, -41.9175 0.215), (-41.9075 0.215, -41.908 0.215, -41.9125 0.215, -41.9125 0.185, -41.907599999999995 0.185, -41.9075 0.185, -41.9075 0.215), (-41.9025 0.185, -41.8975 0.185, -41.8975 0.215, -41.9025 0.215, -41.9025 0.185), (-41.8875 0.215, -41.892 0.215, -41.8925 0.215, -41.8925 0.185, -41.8924 0.185, -41.8875 0.185, -41.8875 0.215), (-41.8775 0.215, -41.8815 0.215, -41.8825 0.215, -41.8825 0.185, -41.8823 0.185, -41.8775 0.185, -41.8775 0.215), (-41.8675 0.215, -41.871 0.215, -41.8725 0.215, -41.8725 0.185, -41.87220000000001 0.185, -41.8675 0.185, -41.8675 0.215), (-41.8575 0.215, -41.8605 0.215, -41.8625 0.215, -41.8625 0.185, -41.8621 0.185, -41.8575 0.185, -41.8575 0.215), (-41.8475 0.215, -41.85 0.215, -41.8525 0.215, -41.8525 0.185, -41.852 0.185, -41.8475 0.185, -41.8475 0.215), (-41.8375 0.215, -41.8395 0.215, -41.8425 0.215, -41.8425 0.185, -41.8419 0.185, -41.8375 0.185, -41.8375 0.215), (-41.8275 0.215, -41.829 0.215, -41.8325 0.215, -41.8325 0.185, -41.8318 0.185, -41.8275 0.185, -41.8275 0.215), (-41.8175 0.215, -41.8185 0.215, -41.8225 0.215, -41.8225 0.185, -41.82170000000001 0.185, -41.8175 0.185, -41.8175 0.215), (-41.8075 0.215, -41.808 0.215, -41.8125 0.215, -41.8125 0.185, -41.8116 0.185, -41.8075 0.185, -41.8075 0.215), (-41.8025 0.215, -41.8025 0.185, -41.8015 0.185, -41.7975 0.185, -41.7975 0.215, -41.8025 0.215), (-41.948 0.155, -41.9525 0.155, -41.9525 0.145, -41.9475 0.145, -41.9475 0.155, -41.948 0.155), (-41.9025 0.135, -41.8975 0.135, -41.8975 0.155, -41.9025 0.155, -41.9025 0.135), (-41.852 0.155, -41.8525 0.155, -41.8525 0.145, -41.8475 0.145, -41.8475 0.155, -41.852 0.155), (-41.8015 0.155, -41.8025 0.155, -41.8025 0.135, -41.7975 0.135, -41.7975 0.155, -41.8015 0.155), (-42.165 0.0975, -42.145 0.0975, -42.145 0.1025, -42.165 0.1025, -42.165 0.0975), (-41.745 0.1025, -41.765 0.1025, -41.765 0.0975, -41.745 0.0975, -41.745 0.098, -41.745 0.1025), (-41.685 0.0995, -41.685 0.1025, -41.715 0.1025, -41.715 0.098, -41.715 0.0975, -41.685 0.0975, -41.685 0.0995), (-41.655 0.1025, -41.655 0.0995, -41.655 0.0975, -41.635 0.0975, -41.635 0.1025, -41.655 0.1025), (-41.685 0.0893, -41.685 0.0925, -41.715 0.0925, -41.715 0.08795, -41.715 0.0875, -41.685 0.0875, -41.685 0.0893), (-41.897 -0.0175, -41.897 -0.0075, -41.897 -0.003, -41.81 -0.003, -41.81 0.0025, -41.81 0.003, -41.897 0.003, -41.897 0.0125, -41.897 0.0225, -41.897 0.0325, -41.897 0.059192, -41.897 0.0625, -41.897 0.0725, -41.897 0.0825, -41.897 0.09, -41.903 0.09, -41.903 0.003, -41.99 0.003, -41.99 -0.003, -41.903 -0.003, -41.903 -0.09, -41.897 -0.09, -41.897 -0.0875, -41.897 -0.0775, -41.897 -0.0675, -41.897 -0.040808, -41.897 -0.0375, -41.897 -0.0275, -41.897 -0.0175), (-41.685 0.0791, -41.685 0.0825, -41.715 0.0825, -41.715 0.0779, -41.715 0.0775, -41.685 0.0775, -41.685 0.0791), (-41.685 0.0689, -41.685 0.0725, -41.715 0.0725, -41.715 0.06785, -41.715 0.0675, -41.685 0.0675, -41.685 0.0689), (-41.685 0.0587, -41.685 0.0625, -41.715 0.0625, -41.715 0.0578, -41.715 0.0575, -41.685 0.0575, -41.685 0.0587), (-41.859192 0.04505, -41.85495 0.040808, -41.853258000000004 0.0425, -41.843258 0.0525, -41.840807999999996 0.05495, -41.84505 0.059192, -41.859192 0.04505), (-41.685 0.0383, -41.685 0.0425, -41.715 0.0425, -41.715 0.0377, -41.715 0.0375, -41.685 0.0375, -41.685 0.0383), (-41.745 0.0525, -41.755 0.0525, -41.755 0.0475, -41.745 0.0475, -41.745 0.04775, -41.745 0.0525), (-41.685 0.0485, -41.685 0.0525, -41.715 0.0525, -41.715 0.04775, -41.715 0.0475, -41.685 0.0475, -41.685 0.0485), (-41.655 0.0525, -41.655 0.0485, -41.655 0.0475, -41.645 0.0475, -41.645 0.0525, -41.655 0.0525), (-41.685 0.0281, -41.685 0.0325, -41.715 0.0325, -41.715 0.02765, -41.715 0.0275, -41.685 0.0275, -41.685 0.0281), (-41.685 0.0179, -41.685 0.0225, -41.715 0.0225, -41.715 0.0176, -41.715 0.0175, -41.685 0.0175, -41.685 0.0179), (-41.685 0.0075, -41.685 0.0077, -41.685 0.0125, -41.715 0.0125, -41.715 0.00755, -41.715 0.0075, -41.685 0.0075), (-41.765 -0.0025, -41.745 -0.0025, -41.745 0.0025, -41.765 0.0025, -41.765 -0.0025), (-41.715 -0.0025, -41.685 -0.0025, -41.685 0.0025, -41.715 0.0025, -41.715 -0.0025), (-41.655 -0.0025, -41.635 -0.0025, -41.635 0.0025, -41.655 0.0025, -41.655 -0.0025), (-41.859192 -0.04505, -41.84505 -0.059192, -41.843358 -0.0575, -41.840807999999996 -0.05495, -41.848258 -0.0475, -41.85495 -0.040808, -41.859192 -0.04505), (-41.958192000000004 0.05395, -41.944050000000004 0.039808, -41.939808 0.04405, -41.953950000000006 0.058192, -41.958192000000004 0.05395), (-41.959192 -0.05495, -41.954950000000004 -0.059192, -41.940808 -0.04505, -41.94505 -0.040808, -41.959192 -0.05495), (-42.165 -0.1025, -42.145 -0.1025, -42.145 -0.0975, -42.165 -0.0975, -42.165 -0.1025)), ((-41.3025 -0.135, -41.2975 -0.135, -41.2975 -0.155, -41.298 -0.155, -41.298 -0.185, -41.2975 -0.185, -41.2975 -0.215, -41.2995 -0.215, -41.2995 -0.245, -41.2975 -0.245, -41.2975 -0.265, -41.3025 -0.265, -41.3025 -0.245, -41.3045 -0.245, -41.3045 -0.215, -41.3025 -0.215, -41.3025 -0.185, -41.303 -0.185, -41.303 -0.155, -41.3025 -0.155, -41.3025 -0.135)), ((-41.323859000000006 -0.237524, -41.325859 -0.237524, -41.325859 -0.223524, -41.323859000000006 -0.223524, -41.321859 -0.225524, -41.319859 -0.225524, -41.317859000000006 -0.223524, -41.315859 -0.223524, -41.315859 -0.237524, -41.317859000000006 -0.237524, -41.317859000000006 -0.227524, -41.318859 -0.227524, -41.320859000000006 -0.229524, -41.322859 -0.227524, -41.323859000000006 -0.227524, -41.323859000000006 -0.237524)), ((-41.343859 -0.228524, -41.343859 -0.232524, -41.345859000000004 -0.232524, -41.345859000000004 -0.228524, -41.343859 -0.228524)), ((-41.339859000000004 -0.225524, -41.339859000000004 -0.235524, -41.34185900000001 -0.237524, -41.34785900000001 -0.237524, -41.349859 -0.235524, -41.349859 -0.225524, -41.34785900000001 -0.223524, -41.34185900000001 -0.223524, -41.339859000000004 -0.225524), (-41.34785900000001 -0.226524, -41.34785900000001 -0.234524, -41.346859 -0.235524, -41.342859000000004 -0.235524, -41.34185900000001 -0.234524, -41.34185900000001 -0.226524, -41.342859000000004 -0.225524, -41.346859 -0.225524, -41.34785900000001 -0.226524)), ((-41.357859000000005 -0.228524, -41.355859 -0.228524, -41.355859 -0.232524, -41.357859000000005 -0.232524, -41.357859000000005 -0.228524)), ((-41.351859000000005 -0.225524, -41.351859000000005 -0.235524, -41.35385900000001 -0.237524, -41.35985900000001 -0.237524, -41.361859 -0.235524, -41.361859 -0.225524, -41.35985900000001 -0.223524, -41.35385900000001 -0.223524, -41.351859000000005 -0.225524), (-41.35985900000001 -0.226524, -41.35985900000001 -0.234524, -41.358859 -0.235524, -41.354859000000005 -0.235524, -41.35385900000001 -0.234524, -41.35385900000001 -0.226524, -41.354859000000005 -0.225524, -41.358859 -0.225524, -41.35985900000001 -0.226524)), ((-41.36585900000001 -0.223524, -41.363859000000005 -0.225524, -41.363859000000005 -0.230524, -41.36585900000001 -0.232524, -41.370859 -0.232524, -41.371859 -0.233524, -41.371859 -0.235524, -41.363859000000005 -0.235524, -41.363859000000005 -0.237524, -41.373859 -0.237524, -41.373859 -0.232524, -41.371859 -0.230524, -41.366859000000005 -0.230524, -41.36585900000001 -0.229524, -41.36585900000001 -0.226524, -41.366859000000005 -0.225524, -41.370859 -0.225524, -41.371859 -0.226524, -41.371859 -0.227524, -41.373859 -0.227524, -41.373859 -0.225524, -41.371859 -0.223524, -41.36585900000001 -0.223524)), ((-41.337859 -0.237524, -41.337859 -0.223524, -41.335859000000006 -0.223524, -41.330859000000004 -0.228524, -41.329859000000006 -0.228524, -41.329859000000006 -0.223524, -41.327859000000004 -0.223524, -41.327859000000004 -0.237524, -41.329859000000006 -0.237524, -41.329859000000006 -0.232524, -41.334859 -0.227524, -41.335859000000006 -0.227524, -41.335859000000006 -0.237524, -41.337859 -0.237524)), ((-41.2829 -0.155, -41.2779 -0.155, -41.2779 -0.185, -41.2775 -0.185, -41.2775 -0.215, -41.2791 -0.215, -41.2791 -0.245, -41.284099999999995 -0.245, -41.284099999999995 -0.215, -41.2825 -0.215, -41.2825 -0.185, -41.2829 -0.185, -41.2829 -0.155)), ((-41.262800000000006 -0.155, -41.2578 -0.155, -41.2578 -0.185, -41.2575 -0.185, -41.2575 -0.215, -41.258700000000005 -0.215, -41.258700000000005 -0.245, -41.26370000000001 -0.245, -41.26370000000001 -0.215, -41.2625 -0.215, -41.2625 -0.185, -41.262800000000006 -0.185, -41.262800000000006 -0.155)), ((-41.2675 -0.215, -41.2689 -0.215, -41.2689 -0.245, -41.273900000000005 -0.245, -41.273900000000005 -0.215, -41.2725 -0.215, -41.2725 -0.185, -41.27285 -0.185, -41.27285 -0.155, -41.267849999999996 -0.155, -41.267849999999996 -0.185, -41.2675 -0.185, -41.2675 -0.215)), ((-41.25275 -0.155, -41.2525 -0.155, -41.2525 -0.145, -41.2475 -0.145, -41.2475 -0.155, -41.24775 -0.155, -41.24775 -0.185, -41.2475 -0.185, -41.2475 -0.215, -41.2485 -0.215, -41.2485 -0.245, -41.2475 -0.245, -41.2475 -0.255, -41.2525 -0.255, -41.2525 -0.245, -41.2535 -0.245, -41.2535 -0.215, -41.2525 -0.215, -41.2525 -0.185, -41.25275 -0.185, -41.25275 -0.155)), ((-41.2875 -0.215, -41.289300000000004 -0.215, -41.289300000000004 -0.245, -41.2943 -0.245, -41.2943 -0.215, -41.2925 -0.215, -41.2925 -0.185, -41.292950000000005 -0.185, -41.292950000000005 -0.155, -41.28795 -0.155, -41.28795 -0.185, -41.2875 -0.185, -41.2875 -0.215)), ((-41.345859000000004 -0.168118, -41.343859 -0.168118, -41.343859 -0.172118, -41.345859000000004 -0.172118, -41.345859000000004 -0.168118)), ((-41.337859 -0.177118, -41.337859 -0.163118, -41.335859000000006 -0.163118, -41.330859000000004 -0.168118, -41.329859000000006 -0.168118, -41.329859000000006 -0.163118, -41.327859000000004 -0.163118, -41.327859000000004 -0.177118, -41.329859000000006 -0.177118, -41.329859000000006 -0.172118, -41.334859 -0.167118, -41.335859000000006 -0.167118, -41.335859000000006 -0.177118, -41.337859 -0.177118)), ((-41.339859000000004 -0.165118, -41.339859000000004 -0.175118, -41.34185900000001 -0.177118, -41.34785900000001 -0.177118, -41.349859 -0.175118, -41.349859 -0.165118, -41.34785900000001 -0.163118, -41.34185900000001 -0.163118, -41.339859000000004 -0.165118), (-41.34785900000001 -0.166118, -41.34785900000001 -0.174118, -41.346859 -0.175118, -41.342859000000004 -0.175118, -41.34185900000001 -0.174118, -41.34185900000001 -0.166118, -41.342859000000004 -0.165118, -41.346859 -0.165118, -41.34785900000001 -0.166118)), ((-41.323859000000006 -0.167118, -41.323859000000006 -0.177118, -41.325859 -0.177118, -41.325859 -0.163118, -41.323859000000006 -0.163118, -41.321859 -0.165118, -41.319859 -0.165118, -41.317859000000006 -0.163118, -41.315859 -0.163118, -41.315859 -0.177118, -41.317859000000006 -0.177118, -41.317859000000006 -0.167118, -41.318859 -0.167118, -41.320859000000006 -0.169118, -41.322859 -0.167118, -41.323859000000006 -0.167118)), ((-41.351859000000005 -0.165118, -41.35985900000001 -0.165118, -41.35985900000001 -0.168118, -41.35385900000001 -0.168118, -41.351859000000005 -0.170118, -41.351859000000005 -0.175118, -41.35385900000001 -0.177118, -41.35985900000001 -0.177118, -41.361859 -0.175118, -41.361859 -0.173118, -41.35985900000001 -0.173118, -41.35985900000001 -0.174118, -41.358859 -0.175118, -41.354859000000005 -0.175118, -41.35385900000001 -0.174118, -41.35385900000001 -0.171118, -41.354859000000005 -0.170118, -41.361859 -0.170118, -41.361859 -0.163118, -41.351859000000005 -0.163118, -41.351859000000005 -0.165118)), ((-41.353 -0.115, -41.353 -0.125, -41.355 -0.127, -41.361 -0.127, -41.363 -0.125, -41.363 -0.115, -41.361 -0.113, -41.355 -0.113, -41.353 -0.115), (-41.36 -0.125, -41.356 -0.125, -41.355 -0.124, -41.355 -0.116, -41.356 -0.115, -41.36 -0.115, -41.361 -0.116, -41.361 -0.124, -41.36 -0.125)), ((-41.371 -0.118, -41.369 -0.118, -41.369 -0.122, -41.371 -0.122, -41.371 -0.118)), ((-41.425 -0.115, -41.425 -0.125, -41.427 -0.127, -41.433 -0.127, -41.435 -0.125, -41.435 -0.115, -41.433 -0.113, -41.427 -0.113, -41.425 -0.115), (-41.432 -0.125, -41.428 -0.125, -41.427 -0.124, -41.427 -0.116, -41.428 -0.115, -41.432 -0.115, -41.433 -0.116, -41.433 -0.124, -41.432 -0.125)), ((-41.359 -0.118, -41.357 -0.118, -41.357 -0.122, -41.359 -0.122, -41.359 -0.118)), ((-41.437 -0.115, -41.445 -0.115, -41.445 -0.118, -41.439 -0.118, -41.437 -0.12, -41.437 -0.125, -41.439 -0.127, -41.445 -0.127, -41.447 -0.125, -41.447 -0.123, -41.445 -0.123, -41.445 -0.124, -41.444 -0.125, -41.44 -0.125, -41.439 -0.124, -41.439 -0.121, -41.44 -0.12, -41.447 -0.12, -41.447 -0.113, -41.437 -0.113, -41.437 -0.115)), ((-41.419 -0.118, -41.417 -0.118, -41.417 -0.122, -41.419 -0.122, -41.419 -0.118)), ((-41.413 -0.115, -41.413 -0.125, -41.415 -0.127, -41.421 -0.127, -41.423 -0.125, -41.423 -0.115, -41.421 -0.113, -41.415 -0.113, -41.413 -0.115), (-41.42 -0.125, -41.416 -0.125, -41.415 -0.124, -41.415 -0.116, -41.416 -0.115, -41.42 -0.115, -41.421 -0.116, -41.421 -0.124, -41.42 -0.125)), ((-41.431 -0.118, -41.429 -0.118, -41.429 -0.122, -41.431 -0.122, -41.431 -0.118)), ((-41.387 -0.127, -41.387 -0.125, -41.383 -0.125, -41.383 -0.117, -41.384 -0.117, -41.386 -0.119, -41.387 -0.119, -41.387 -0.117, -41.383 -0.113, -41.381 -0.113, -41.381 -0.125, -41.377 -0.125, -41.377 -0.127, -41.387 -0.127)), ((-41.365 -0.115, -41.365 -0.125, -41.367 -0.127, -41.373 -0.127, -41.375 -0.125, -41.375 -0.115, -41.373 -0.113, -41.367 -0.113, -41.365 -0.115), (-41.372 -0.125, -41.368 -0.125, -41.367 -0.124, -41.367 -0.116, -41.368 -0.115, -41.372 -0.115, -41.373 -0.116, -41.373 -0.124, -41.372 -0.125)), ((-41.445 -0.1025, -41.415 -0.1025, -41.415 -0.1075, -41.445 -0.1075, -41.445 -0.1025)), ((-41.355 -0.1025, -41.355 -0.1035, -41.385 -0.1035, -41.385 -0.1025, -41.415 -0.1025, -41.415 -0.0975, -41.385 -0.0975, -41.385 -0.0985, -41.355 -0.0985, -41.355 -0.0975, -41.335 -0.0975, -41.335 -0.1025, -41.355 -0.1025)), ((-41.465 -0.0975, -41.445 -0.0975, -41.445 -0.1025, -41.465 -0.1025, -41.465 -0.0975)), ((-41.385 -0.0925, -41.415 -0.0925, -41.415 -0.097, -41.445 -0.097, -41.445 -0.092, -41.415 -0.092, -41.415 -0.0875, -41.385 -0.0875, -41.385 -0.0884, -41.355 -0.0884, -41.355 -0.0934, -41.385 -0.0934, -41.385 -0.0925)), ((-41.385 -0.0825, -41.415 -0.0825, -41.415 -0.0865, -41.445 -0.0865, -41.445 -0.0815, -41.415 -0.0815, -41.415 -0.0775, -41.385 -0.0775, -41.385 -0.0783, -41.355 -0.0783, -41.355 -0.0833, -41.385 -0.0833, -41.385 -0.0825)), ((-41.385 -0.0725, -41.415 -0.0725, -41.415 -0.076, -41.445 -0.076, -41.445 -0.071, -41.415 -0.071, -41.415 -0.0675, -41.385 -0.0675, -41.385 -0.0682, -41.355 -0.0682, -41.355 -0.0732, -41.385 -0.0732, -41.385 -0.0725)), ((-41.385 -0.0625, -41.415 -0.0625, -41.415 -0.0655, -41.445 -0.0655, -41.445 -0.0605, -41.415 -0.0605, -41.415 -0.0575, -41.385 -0.0575, -41.385 -0.0581, -41.355 -0.0581, -41.355 -0.0631, -41.385 -0.0631, -41.385 -0.0625)), ((-41.415 -0.05, -41.415 -0.0475, -41.385 -0.0475, -41.385 -0.048, -41.355 -0.048, -41.355 -0.0475, -41.345 -0.0475, -41.345 -0.0525, -41.355 -0.0525, -41.355 -0.053, -41.385 -0.053, -41.385 -0.0525, -41.415 -0.0525, -41.415 -0.055, -41.445 -0.055, -41.445 -0.0525, -41.455 -0.0525, -41.455 -0.0475, -41.445 -0.0475, -41.445 -0.05, -41.415 -0.05)), ((-41.385 -0.0425, -41.415 -0.0425, -41.415 -0.0445, -41.445 -0.0445, -41.445 -0.0395, -41.415 -0.0395, -41.415 -0.0375, -41.385 -0.0375, -41.385 -0.0379, -41.355 -0.0379, -41.355 -0.0429, -41.385 -0.0429, -41.385 -0.0425)), ((-41.268738 -0.041868, -41.258131999999996 -0.031262, -41.247525 -0.041868, -41.258131999999996 -0.052475, -41.268738 -0.041868)), ((-41.385 -0.0325, -41.415 -0.0325, -41.415 -0.034, -41.445 -0.034, -41.445 -0.029, -41.415 -0.029, -41.415 -0.0275, -41.385 -0.0275, -41.385 -0.0278, -41.355 -0.0278, -41.355 -0.0328, -41.385 -0.0328, -41.385 -0.0325)), ((-41.385 -0.0225, -41.415 -0.0225, -41.415 -0.0235, -41.445 -0.0235, -41.445 -0.0185, -41.415 -0.0185, -41.415 -0.0175, -41.385 -0.0175, -41.385 -0.0177, -41.355 -0.0177, -41.355 -0.0227, -41.385 -0.0227, -41.385 -0.0225)), ((-41.267501 -0.004, -41.252501 -0.004, -41.252501 -0.019, -41.267501 -0.019, -41.267501 -0.004)), ((-41.355 -0.0076, -41.355 -0.0126, -41.385 -0.0126, -41.385 -0.0125, -41.415 -0.0125, -41.415 -0.013, -41.445 -0.013, -41.445 -0.008, -41.415 -0.008, -41.415 -0.0075, -41.385 -0.0075, -41.385 -0.0076, -41.355 -0.0076)), ((-41.335 0.0025, -41.335 -0.0025, -41.355 -0.0025, -41.385 -0.0025, -41.415 -0.0025, -41.445 -0.0025, -41.465 -0.0025, -41.465 0.0025, -41.445 0.0025, -41.415 0.0025, -41.385 0.0025, -41.355 0.0025, -41.335 0.0025)), ((-41.355 0.0076, -41.385 0.0076, -41.385 0.0075, -41.415 0.0075, -41.415 0.008, -41.445 0.008, -41.445 0.013, -41.415 0.013, -41.415 0.0125, -41.385 0.0125, -41.385 0.0126, -41.355 0.0126, -41.355 0.0076)), ((-41.267501 0.019, -41.252501 0.019, -41.252501 0.004, -41.267501 0.004, -41.267501 0.019)), ((-41.415 0.0225, -41.385 0.0225, -41.385 0.0227, -41.355 0.0227, -41.355 0.0177, -41.385 0.0177, -41.385 0.0175, -41.415 0.0175, -41.415 0.0185, -41.445 0.0185, -41.445 0.0235, -41.415 0.0235, -41.415 0.0225)), ((-41.415 0.0325, -41.385 0.0325, -41.385 0.0328, -41.355 0.0328, -41.355 0.0278, -41.385 0.0278, -41.385 0.0275, -41.415 0.0275, -41.415 0.029, -41.445 0.029, -41.445 0.034, -41.415 0.034, -41.415 0.0325)), ((-41.415 0.0425, -41.385 0.0425, -41.385 0.0429, -41.355 0.0429, -41.355 0.0379, -41.385 0.0379, -41.385 0.0375, -41.415 0.0375, -41.415 0.0395, -41.445 0.0395, -41.445 0.0445, -41.415 0.0445, -41.415 0.0425)), ((-41.267737999999994 0.040868, -41.257132 0.051475, -41.246525 0.040868, -41.257132 0.030262, -41.267737999999994 0.040868)), ((-41.415 0.0525, -41.385 0.0525, -41.385 0.053, -41.355 0.053, -41.355 0.0525, -41.345 0.0525, -41.345 0.0475, -41.355 0.0475, -41.355 0.048, -41.385 0.048, -41.385 0.0475, -41.415 0.0475, -41.415 0.05, -41.445 0.05, -41.445 0.0475, -41.455 0.0475, -41.455 0.0525, -41.445 0.0525, -41.445 0.055, -41.415 0.055, -41.415 0.0525)), ((-41.415 0.0625, -41.385 0.0625, -41.385 0.0631, -41.355 0.0631, -41.355 0.0581, -41.385 0.0581, -41.385 0.0575, -41.415 0.0575, -41.415 0.0605, -41.445 0.0605, -41.445 0.0655, -41.415 0.0655, -41.415 0.0625)), ((-41.415 0.0725, -41.385 0.0725, -41.385 0.0732, -41.355 0.0732, -41.355 0.0682, -41.385 0.0682, -41.385 0.0675, -41.415 0.0675, -41.415 0.071, -41.445 0.071, -41.445 0.076, -41.415 0.076, -41.415 0.0725)), ((-41.355 0.0783, -41.385 0.0783, -41.385 0.0775, -41.415 0.0775, -41.415 0.0815, -41.445 0.0815, -41.445 0.0865, -41.415 0.0865, -41.415 0.0825, -41.385 0.0825, -41.385 0.0833, -41.355 0.0833, -41.355 0.0783)), ((-41.415 0.0925, -41.385 0.0925, -41.385 0.0934, -41.355 0.0934, -41.355 0.0884, -41.385 0.0884, -41.385 0.0875, -41.415 0.0875, -41.415 0.092, -41.445 0.092, -41.445 0.097, -41.415 0.097, -41.415 0.0925)), ((-41.355 0.1025, -41.335 0.1025, -41.335 0.0975, -41.355 0.0975, -41.355 0.0985, -41.385 0.0985, -41.385 0.0975, -41.415 0.0975, -41.415 0.1025, -41.385 0.1025, -41.385 0.1035, -41.355 0.1035, -41.355 0.1025)), ((-41.465 0.1025, -41.445 0.1025, -41.445 0.0975, -41.465 0.0975, -41.465 0.1025)), ((-41.445 0.1075, -41.415 0.1075, -41.415 0.1025, -41.445 0.1025, -41.445 0.1075)), ((-41.2985 0.155, -41.2975 0.155, -41.2975 0.135, -41.3025 0.135, -41.3025 0.155, -41.3035 0.155, -41.3035 0.185, -41.3025 0.185, -41.3025 0.215, -41.2975 0.215, -41.2975 0.185, -41.2985 0.185, -41.2985 0.155)), ((-41.2475 0.145, -41.2525 0.145, -41.2525 0.155, -41.253 0.155, -41.253 0.185, -41.2525 0.185, -41.2525 0.215, -41.255 0.215, -41.255 0.245, -41.2525 0.245, -41.2525 0.255, -41.2475 0.255, -41.2475 0.245, -41.25 0.245, -41.25 0.215, -41.2475 0.215, -41.2475 0.185, -41.248 0.185, -41.248 0.155, -41.2475 0.155, -41.2475 0.145)), ((-41.2815 0.245, -41.2815 0.215, -41.2775 0.215, -41.2775 0.185, -41.2783 0.185, -41.2783 0.155, -41.283300000000004 0.155, -41.283300000000004 0.185, -41.2825 0.185, -41.2825 0.215, -41.2865 0.215, -41.2865 0.245, -41.2815 0.245)), ((-41.271 0.245, -41.271 0.215, -41.2675 0.215, -41.2675 0.185, -41.26820000000001 0.185, -41.26820000000001 0.155, -41.2732 0.155, -41.2732 0.185, -41.2725 0.185, -41.2725 0.215, -41.276 0.215, -41.276 0.245, -41.271 0.245)), ((-41.2875 0.185, -41.2884 0.185, -41.2884 0.155, -41.2934 0.155, -41.2934 0.185, -41.2925 0.185, -41.2925 0.215, -41.297 0.215, -41.297 0.245, -41.292 0.245, -41.292 0.215, -41.2875 0.215, -41.2875 0.185)), ((-41.2575 0.185, -41.2581 0.185, -41.2581 0.155, -41.2631 0.155, -41.2631 0.185, -41.2625 0.185, -41.2625 0.215, -41.2655 0.215, -41.2655 0.245, -41.2605 0.245, -41.2605 0.215, -41.2575 0.215, -41.2575 0.185)), ((-41.3075 0.245, -41.3025 0.245, -41.3025 0.215, -41.3075 0.215, -41.3075 0.245)), ((-41.3025 0.265, -41.2975 0.265, -41.2975 0.245, -41.3025 0.245, -41.3025 0.265)), ((-41.2025 -0.135, -41.1975 -0.135, -41.1975 -0.155, -41.1975 -0.185, -41.1975 -0.215, -41.1975 -0.245, -41.1975 -0.265, -41.2025 -0.265, -41.2025 -0.245, -41.2025 -0.215, -41.2025 -0.185, -41.2025 -0.155, -41.2025 -0.135)), ((-41.102 -0.185, -41.102 -0.155, -41.1025 -0.155, -41.1025 -0.135, -41.0975 -0.135, -41.0975 -0.155, -41.097 -0.155, -41.097 -0.185, -41.0975 -0.185, -41.0975 -0.215, -41.0955 -0.215, -41.0955 -0.245, -41.0975 -0.245, -41.0975 -0.265, -41.1025 -0.265, -41.1025 -0.245, -41.1005 -0.245, -41.1005 -0.215, -41.1025 -0.215, -41.1025 -0.185, -41.102 -0.185)), ((-41.1465 -0.245, -41.1475 -0.245, -41.1475 -0.255, -41.1525 -0.255, -41.1525 -0.245, -41.1515 -0.245, -41.1515 -0.215, -41.1525 -0.215, -41.1525 -0.185, -41.15225 -0.185, -41.15225 -0.155, -41.1525 -0.155, -41.1525 -0.145, -41.1475 -0.145, -41.1475 -0.155, -41.14725 -0.155, -41.14725 -0.185, -41.1475 -0.185, -41.1475 -0.215, -41.1465 -0.215, -41.1465 -0.245)), ((-41.19245 -0.155, -41.187450000000005 -0.155, -41.187450000000005 -0.185, -41.1875 -0.185, -41.1875 -0.215, -41.1873 -0.215, -41.1873 -0.245, -41.1923 -0.245, -41.1923 -0.215, -41.1925 -0.215, -41.1925 -0.185, -41.19245 -0.185, -41.19245 -0.155)), ((-41.13215 -0.155, -41.12715 -0.155, -41.12715 -0.185, -41.1275 -0.185, -41.1275 -0.215, -41.1261 -0.215, -41.1261 -0.245, -41.131099999999996 -0.245, -41.131099999999996 -0.215, -41.1325 -0.215, -41.1325 -0.185, -41.13215 -0.185, -41.13215 -0.155)), ((-41.17235 -0.155, -41.16735 -0.155, -41.16735 -0.185, -41.1675 -0.185, -41.1675 -0.215, -41.1669 -0.215, -41.1669 -0.245, -41.1719 -0.245, -41.1719 -0.215, -41.1725 -0.215, -41.1725 -0.185, -41.17235 -0.185, -41.17235 -0.155)), ((-41.1824 -0.155, -41.1774 -0.155, -41.1774 -0.185, -41.1775 -0.185, -41.1775 -0.215, -41.177099999999996 -0.215, -41.177099999999996 -0.245, -41.1821 -0.245, -41.1821 -0.215, -41.1825 -0.215, -41.1825 -0.185, -41.1824 -0.185, -41.1824 -0.155)), ((-41.11205 -0.155, -41.10705 -0.155, -41.10705 -0.185, -41.1075 -0.185, -41.1075 -0.215, -41.105700000000006 -0.215, -41.105700000000006 -0.245, -41.1107 -0.245, -41.1107 -0.215, -41.1125 -0.215, -41.1125 -0.185, -41.11205 -0.185, -41.11205 -0.155)), ((-41.157300000000006 -0.155, -41.157300000000006 -0.185, -41.1575 -0.185, -41.1575 -0.215, -41.15670000000001 -0.215, -41.15670000000001 -0.245, -41.1617 -0.245, -41.1617 -0.215, -41.1625 -0.215, -41.1625 -0.185, -41.1623 -0.185, -41.1623 -0.155, -41.157300000000006 -0.155)), ((-41.212700000000005 -0.215, -41.2125 -0.215, -41.2125 -0.185, -41.21255 -0.185, -41.21255 -0.155, -41.207550000000005 -0.155, -41.207550000000005 -0.185, -41.2075 -0.185, -41.2075 -0.215, -41.2077 -0.215, -41.2077 -0.245, -41.212700000000005 -0.245, -41.212700000000005 -0.215)), ((-41.243300000000005 -0.215, -41.2425 -0.215, -41.2425 -0.185, -41.242700000000006 -0.185, -41.242700000000006 -0.155, -41.237700000000004 -0.155, -41.237700000000004 -0.185, -41.2375 -0.185, -41.2375 -0.215, -41.2383 -0.215, -41.2383 -0.245, -41.243300000000005 -0.245, -41.243300000000005 -0.215)), ((-41.122099999999996 -0.155, -41.1171 -0.155, -41.1171 -0.185, -41.1175 -0.185, -41.1175 -0.215, -41.1159 -0.215, -41.1159 -0.245, -41.1209 -0.245, -41.1209 -0.215, -41.1225 -0.215, -41.1225 -0.185, -41.122099999999996 -0.185, -41.122099999999996 -0.155)), ((-41.2229 -0.215, -41.2225 -0.215, -41.2225 -0.185, -41.2226 -0.185, -41.2226 -0.155, -41.2176 -0.155, -41.2176 -0.185, -41.2175 -0.185, -41.2175 -0.215, -41.2179 -0.215, -41.2179 -0.245, -41.2229 -0.245, -41.2229 -0.215)), ((-41.1422 -0.155, -41.13720000000001 -0.155, -41.13720000000001 -0.185, -41.1375 -0.185, -41.1375 -0.215, -41.136300000000006 -0.215, -41.136300000000006 -0.245, -41.1413 -0.245, -41.1413 -0.215, -41.1425 -0.215, -41.1425 -0.185, -41.1422 -0.185, -41.1422 -0.155)), ((-41.2281 -0.215, -41.2281 -0.245, -41.2331 -0.245, -41.2331 -0.215, -41.2325 -0.215, -41.2325 -0.185, -41.23265 -0.185, -41.23265 -0.155, -41.227650000000004 -0.155, -41.227650000000004 -0.185, -41.2275 -0.185, -41.2275 -0.215, -41.2281 -0.215)), ((-41.015 -0.0975, -40.985 -0.0975, -40.985 -0.0995, -40.955 -0.0995, -40.955 -0.0975, -40.935 -0.0975, -40.935 -0.1025, -40.955 -0.1025, -40.955 -0.1045, -40.985 -0.1045, -40.985 -0.1025, -41.015 -0.1025, -41.015 -0.103, -41.045 -0.103, -41.045 -0.1025, -41.065 -0.1025, -41.065 -0.0975, -41.045 -0.0975, -41.045 -0.098, -41.015 -0.098, -41.015 -0.0975)), ((-41.219001000000006 -0.0525, -41.204001000000005 -0.0525, -41.204001000000005 -0.0675, -41.219001000000006 -0.0675, -41.219001000000006 -0.0525)), ((-41.196001 -0.0525, -41.181001 -0.0525, -41.181001 -0.0675, -41.196001 -0.0675, -41.196001 -0.0525)), ((-41.252475 -0.058132, -41.241868000000004 -0.047525, -41.231262 -0.058132, -41.241868000000004 -0.068738, -41.252475 -0.058132)), ((-41.168738 -0.058132, -41.158131999999995 -0.047525, -41.147525 -0.058132, -41.158131999999995 -0.068738, -41.168738 -0.058132)), ((-41.15495000000001 -0.040808, -41.140808 -0.05495, -41.145050000000005 -0.059192, -41.159192000000004 -0.04505, -41.15495000000001 -0.040808)), ((-41.245050000000006 -0.040808, -41.240807999999994 -0.04505, -41.25495 -0.059192, -41.259192000000006 -0.05495, -41.245050000000006 -0.040808)), ((-41.152474999999995 -0.041868, -41.141868 -0.031262, -41.131262 -0.041868, -41.141868 -0.052475, -41.152474999999995 -0.041868)), ((-41.179991 -0.012, -41.161991 -0.012, -41.161991 -0.038, -41.187991000000004 -0.038, -41.187991000000004 -0.02, -41.195991 -0.02, -41.195991 -0.004, -41.179991 -0.004, -41.179991 -0.012)), ((-41.203991 -0.02, -41.212011 -0.02, -41.212011 -0.038, -41.238011 -0.038, -41.238011 -0.012, -41.219991 -0.012, -41.219991 -0.004, -41.203991 -0.004, -41.203991 -0.02)), ((-41.147501000000005 -0.004, -41.132501000000005 -0.004, -41.132501000000005 -0.019, -41.147501000000005 -0.019, -41.147501000000005 -0.004)), ((-40.955 0.0025, -40.935 0.0025, -40.935 -0.0025, -40.955 -0.0025, -40.985 -0.0025, -41.015 -0.0025, -41.045 -0.0025, -41.065 -0.0025, -41.065 0.0025, -41.045 0.0025, -41.015 0.0025, -40.985 0.0025, -40.955 0.0025)), ((-41.203 -0.003, -41.29 -0.003, -41.29 0.003, -41.203 0.003, -41.203 0.09, -41.197 0.09, -41.197 0.003, -41.11 0.003, -41.11 -0.003, -41.197 -0.003, -41.197 -0.09, -41.203 -0.09, -41.203 -0.003)), ((-41.132501000000005 0.019, -41.132501000000005 0.004, -41.147501000000005 0.004, -41.147501000000005 0.019, -41.132501000000005 0.019)), ((-41.211991000000005 0.02, -41.203991 0.02, -41.203991 0.004, -41.219991 0.004, -41.219991 0.012, -41.237991 0.012, -41.237991 0.038, -41.211991000000005 0.038, -41.211991000000005 0.02)), ((-41.161991 0.012, -41.179991 0.012, -41.179991 0.004, -41.195991 0.004, -41.195991 0.02, -41.187991000000004 0.02, -41.187991000000004 0.038, -41.161991 0.038, -41.161991 0.012)), ((-41.152474999999995 0.041868, -41.141868 0.052475, -41.131262 0.041868, -41.141868 0.031262, -41.152474999999995 0.041868)), ((-41.258192 0.05395, -41.25395 0.058192, -41.239808 0.04405, -41.24405 0.039808, -41.258192 0.05395)), ((-41.159192000000004 0.04505, -41.145050000000005 0.059192, -41.140808 0.05495, -41.15495000000001 0.040808, -41.159192000000004 0.04505)), ((-41.251475 0.057132, -41.240868 0.067738, -41.230262 0.057132, -41.240868 0.046525, -41.251475 0.057132)), ((-41.168738 0.058132, -41.158131999999995 0.068738, -41.147525 0.058132, -41.158131999999995 0.047525, -41.168738 0.058132)), ((-41.219001000000006 0.0675, -41.204001000000005 0.0675, -41.204001000000005 0.0525, -41.219001000000006 0.0525, -41.219001000000006 0.0675)), ((-41.196001 0.0675, -41.181001 0.0675, -41.181001 0.0525, -41.196001 0.0525, -41.196001 0.0675)), ((-41.015 0.1025, -40.985 0.1025, -40.985 0.1045, -40.955 0.1045, -40.955 0.1025, -40.935 0.1025, -40.935 0.0975, -40.955 0.0975, -40.955 0.0995, -40.985 0.0995, -40.985 0.0975, -41.015 0.0975, -41.015 0.098, -41.045 0.098, -41.045 0.0975, -41.065 0.0975, -41.065 0.1025, -41.045 0.1025, -41.045 0.103, -41.015 0.103, -41.015 0.1025)), ((-41.1975 0.265, -41.1975 0.245, -41.1975 0.215, -41.1975 0.185, -41.1975 0.155, -41.1975 0.135, -41.2025 0.135, -41.2025 0.155, -41.2025 0.185, -41.2025 0.215, -41.2025 0.245, -41.2025 0.265, -41.1975 0.265)), ((-41.1025 0.155, -41.1015 0.155, -41.1015 0.185, -41.1025 0.185, -41.1025 0.215, -41.0975 0.215, -41.0975 0.185, -41.0965 0.185, -41.0965 0.155, -41.0975 0.155, -41.0975 0.135, -41.1025 0.135, -41.1025 0.155)), ((-41.1525 0.155, -41.152 0.155, -41.152 0.185, -41.1525 0.185, -41.1525 0.215, -41.15 0.215, -41.15 0.245, -41.1525 0.245, -41.1525 0.255, -41.1475 0.255, -41.1475 0.245, -41.145 0.245, -41.145 0.215, -41.1475 0.215, -41.1475 0.185, -41.147 0.185, -41.147 0.155, -41.1475 0.155, -41.1475 0.145, -41.1525 0.145, -41.1525 0.155)), ((-41.192 0.245, -41.187 0.245, -41.187 0.215, -41.1875 0.215, -41.1875 0.185, -41.187400000000004 0.185, -41.187400000000004 0.155, -41.1924 0.155, -41.1924 0.185, -41.1925 0.185, -41.1925 0.215, -41.192 0.215, -41.192 0.245)), ((-41.1345 0.245, -41.1345 0.215, -41.1375 0.215, -41.1375 0.185, -41.136900000000004 0.185, -41.136900000000004 0.155, -41.1419 0.155, -41.1419 0.185, -41.1425 0.185, -41.1425 0.215, -41.1395 0.215, -41.1395 0.245, -41.1345 0.245)), ((-41.1765 0.245, -41.1765 0.215, -41.1775 0.215, -41.1775 0.185, -41.1773 0.185, -41.1773 0.155, -41.182300000000005 0.155, -41.182300000000005 0.185, -41.1825 0.185, -41.1825 0.215, -41.1815 0.215, -41.1815 0.245, -41.1765 0.245)), ((-41.108 0.245, -41.103 0.245, -41.103 0.215, -41.1075 0.215, -41.1075 0.185, -41.1066 0.185, -41.1066 0.155, -41.111599999999996 0.155, -41.111599999999996 0.185, -41.1125 0.185, -41.1125 0.215, -41.108 0.215, -41.108 0.245)), ((-41.213 0.245, -41.208 0.245, -41.208 0.215, -41.2075 0.215, -41.2075 0.185, -41.2076 0.185, -41.2076 0.155, -41.2126 0.155, -41.2126 0.185, -41.2125 0.185, -41.2125 0.215, -41.213 0.215, -41.213 0.245)), ((-41.129 0.245, -41.124 0.245, -41.124 0.215, -41.1275 0.215, -41.1275 0.185, -41.1268 0.185, -41.1268 0.155, -41.131800000000005 0.155, -41.131800000000005 0.185, -41.1325 0.185, -41.1325 0.215, -41.129 0.215, -41.129 0.245)), ((-41.234 0.245, -41.229 0.245, -41.229 0.215, -41.2275 0.215, -41.2275 0.185, -41.2278 0.185, -41.2278 0.155, -41.232800000000005 0.155, -41.232800000000005 0.185, -41.2325 0.185, -41.2325 0.215, -41.234 0.215, -41.234 0.245)), ((-41.2445 0.245, -41.2395 0.245, -41.2395 0.215, -41.2375 0.215, -41.2375 0.185, -41.2379 0.185, -41.2379 0.155, -41.2429 0.155, -41.2429 0.185, -41.2425 0.185, -41.2425 0.215, -41.2445 0.215, -41.2445 0.245)), ((-41.171 0.245, -41.166 0.245, -41.166 0.215, -41.1675 0.215, -41.1675 0.185, -41.1672 0.185, -41.1672 0.155, -41.172200000000004 0.155, -41.172200000000004 0.185, -41.1725 0.185, -41.1725 0.215, -41.171 0.215, -41.171 0.245)), ((-41.1555 0.245, -41.1555 0.215, -41.1575 0.215, -41.1575 0.185, -41.1571 0.185, -41.1571 0.155, -41.162099999999995 0.155, -41.162099999999995 0.185, -41.1625 0.185, -41.1625 0.215, -41.1605 0.215, -41.1605 0.245, -41.1555 0.245)), ((-41.1185 0.245, -41.1135 0.245, -41.1135 0.215, -41.1175 0.215, -41.1175 0.185, -41.1167 0.185, -41.1167 0.155, -41.121700000000004 0.155, -41.121700000000004 0.185, -41.1225 0.185, -41.1225 0.215, -41.1185 0.215, -41.1185 0.245)), ((-41.2235 0.245, -41.2185 0.245, -41.2185 0.215, -41.2175 0.215, -41.2175 0.185, -41.21770000000001 0.185, -41.21770000000001 0.155, -41.2227 0.155, -41.2227 0.185, -41.2225 0.185, -41.2225 0.215, -41.2235 0.215, -41.2235 0.245)), ((-41.068141000000004 0.172118, -41.066141 0.172118, -41.066141 0.168118, -41.068141000000004 0.168118, -41.068141000000004 0.172118)), ((-41.064141000000006 0.163118, -41.07014100000001 0.163118, -41.072141 0.165118, -41.072141 0.175118, -41.07014100000001 0.177118, -41.064141000000006 0.177118, -41.062141000000004 0.175118, -41.062141000000004 0.165118, -41.064141000000006 0.163118), (-41.064141000000006 0.166118, -41.064141000000006 0.174118, -41.065141000000004 0.175118, -41.069141 0.175118, -41.07014100000001 0.174118, -41.07014100000001 0.166118, -41.069141 0.165118, -41.065141000000004 0.165118, -41.064141000000006 0.166118)), ((-41.052141000000006 0.163118, -41.058141000000006 0.163118, -41.060141 0.165118, -41.060141 0.175118, -41.058141000000006 0.177118, -41.052141000000006 0.177118, -41.050141 0.175118, -41.050141 0.165118, -41.052141000000006 0.163118), (-41.052141000000006 0.166118, -41.052141000000006 0.174118, -41.053141000000004 0.175118, -41.057141 0.175118, -41.058141000000006 0.174118, -41.058141000000006 0.166118, -41.057141 0.165118, -41.053141000000004 0.165118, -41.052141000000006 0.166118)), ((-41.084141 0.163118, -41.084141 0.165118, -41.080141000000005 0.165118, -41.080141000000005 0.173118, -41.081141 0.173118, -41.083141000000005 0.171118, -41.084141 0.171118, -41.084141 0.173118, -41.080141000000005 0.177118, -41.078141 0.177118, -41.078141 0.165118, -41.074141000000004 0.165118, -41.074141000000004 0.163118, -41.084141 0.163118)), ((-41.056141000000004 0.172118, -41.054141 0.172118, -41.054141 0.168118, -41.056141000000004 0.168118, -41.056141000000004 0.172118)), ((-41.0975 0.245, -41.0925 0.245, -41.0925 0.215, -41.0975 0.215, -41.0975 0.245)), ((-41.064141000000006 0.223524, -41.07014100000001 0.223524, -41.072141 0.225524, -41.072141 0.235524, -41.07014100000001 0.237524, -41.064141000000006 0.237524, -41.062141000000004 0.235524, -41.062141000000004 0.225524, -41.064141000000006 0.223524), (-41.064141000000006 0.226524, -41.064141000000006 0.234524, -41.065141000000004 0.235524, -41.069141 0.235524, -41.07014100000001 0.234524, -41.07014100000001 0.226524, -41.069141 0.225524, -41.065141000000004 0.225524, -41.064141000000006 0.226524)), ((-41.066141 0.232524, -41.066141 0.228524, -41.068141000000004 0.228524, -41.068141000000004 0.232524, -41.066141 0.232524)), ((-41.074141000000004 0.235524, -41.082141 0.235524, -41.082141 0.232524, -41.076141 0.232524, -41.074141000000004 0.230524, -41.074141000000004 0.225524, -41.076141 0.223524, -41.082141 0.223524, -41.084141 0.225524, -41.084141 0.227524, -41.082141 0.227524, -41.082141 0.226524, -41.081141 0.225524, -41.077141000000005 0.225524, -41.076141 0.226524, -41.076141 0.229524, -41.077141000000005 0.230524, -41.084141 0.230524, -41.084141 0.237524, -41.074141000000004 0.237524, -41.074141000000004 0.235524)), ((-41.052141000000006 0.223524, -41.058141000000006 0.223524, -41.060141 0.225524, -41.060141 0.235524, -41.058141000000006 0.237524, -41.052141000000006 0.237524, -41.050141 0.235524, -41.050141 0.225524, -41.052141000000006 0.223524), (-41.052141000000006 0.226524, -41.052141000000006 0.234524, -41.053141000000004 0.235524, -41.057141 0.235524, -41.058141000000006 0.234524, -41.058141000000006 0.226524, -41.057141 0.225524, -41.053141000000004 0.225524, -41.052141000000006 0.226524)), ((-41.056141000000004 0.232524, -41.054141 0.232524, -41.054141 0.228524, -41.056141000000004 0.228524, -41.056141000000004 0.232524)), ((-41.1025 0.265, -41.0975 0.265, -41.0975 0.245, -41.1025 0.245, -41.1025 0.265)), ((40.971 -0.118, 40.971 -0.122, 40.969 -0.122, 40.969 -0.118, 40.971 -0.118)), ((-40.977 -0.115, -40.977 -0.12, -40.979 -0.122, -40.984 -0.122, -40.985 -0.123, -40.985 -0.125, -40.977 -0.125, -40.977 -0.127, -40.987 -0.127, -40.987 -0.122, -40.985 -0.12, -40.98 -0.12, -40.979 -0.119, -40.979 -0.116, -40.98 -0.115, -40.984 -0.115, -40.985 -0.116, -40.985 -0.117, -40.987 -0.117, -40.987 -0.115, -40.985 -0.113, -40.979 -0.113, -40.977 -0.115)), ((-40.965 -0.115, -40.965 -0.125, -40.967 -0.127, -40.973 -0.127, -40.975 -0.125, -40.975 -0.115, -40.973 -0.113, -40.967 -0.113, -40.965 -0.115), (-40.968 -0.115, -40.972 -0.115, -40.973 -0.116, -40.973 -0.124, -40.972 -0.125, -40.968 -0.125, -40.967 -0.124, -40.967 -0.116, -40.968 -0.115)), ((40.987 -0.115, 40.987 -0.125, 40.985 -0.127, 40.979 -0.127, 40.977 -0.125, 40.977 -0.115, 40.979 -0.113, 40.985 -0.113, 40.987 -0.115), (40.98 -0.125, 40.984 -0.125, 40.985 -0.124, 40.985 -0.116, 40.984 -0.115, 40.98 -0.115, 40.979 -0.116, 40.979 -0.124, 40.98 -0.125)), ((-41.031 -0.115, -41.039 -0.115, -41.039 -0.118, -41.033 -0.118, -41.031 -0.12, -41.031 -0.125, -41.033 -0.127, -41.039 -0.127, -41.041 -0.125, -41.041 -0.123, -41.039 -0.123, -41.039 -0.124, -41.038 -0.125, -41.034 -0.125, -41.033 -0.124, -41.033 -0.121, -41.034 -0.12, -41.041 -0.12, -41.041 -0.113, -41.031 -0.113, -41.031 -0.115)), ((40.981 -0.118, 40.983 -0.118, 40.983 -0.122, 40.981 -0.122, 40.981 -0.118)), ((-40.971 -0.118, -40.969 -0.118, -40.969 -0.122, -40.971 -0.122, -40.971 -0.118)), ((-40.953 -0.115, -40.953 -0.125, -40.955 -0.127, -40.961 -0.127, -40.963 -0.125, -40.963 -0.115, -40.961 -0.113, -40.955 -0.113, -40.953 -0.115), (-40.956 -0.115, -40.96 -0.115, -40.961 -0.116, -40.961 -0.124, -40.96 -0.125, -40.956 -0.125, -40.955 -0.124, -40.955 -0.116, -40.956 -0.115)), ((-40.957 -0.118, -40.957 -0.122, -40.959 -0.122, -40.959 -0.118, -40.957 -0.118)), ((40.975 -0.115, 40.975 -0.125, 40.973 -0.127, 40.967 -0.127, 40.965 -0.125, 40.965 -0.115, 40.967 -0.113, 40.973 -0.113, 40.975 -0.115), (40.968 -0.125, 40.972 -0.125, 40.973 -0.124, 40.973 -0.116, 40.972 -0.115, 40.968 -0.115, 40.967 -0.116, 40.967 -0.124, 40.968 -0.125)), ((40.963 -0.115, 40.955 -0.115, 40.955 -0.118, 40.961 -0.118, 40.963 -0.12, 40.963 -0.125, 40.961 -0.127, 40.955 -0.127, 40.953 -0.125, 40.953 -0.123, 40.955 -0.123, 40.955 -0.124, 40.956 -0.125, 40.96 -0.125, 40.961 -0.124, 40.961 -0.121, 40.96 -0.12, 40.953 -0.12, 40.953 -0.113, 40.963 -0.113, 40.963 -0.115)), ((-41.025 -0.118, -41.023 -0.118, -41.023 -0.122, -41.025 -0.122, -41.025 -0.118)), ((-41.019 -0.115, -41.019 -0.125, -41.021 -0.127, -41.027 -0.127, -41.029 -0.125, -41.029 -0.115, -41.027 -0.113, -41.021 -0.113, -41.019 -0.115), (-41.022 -0.115, -41.026 -0.115, -41.027 -0.116, -41.027 -0.124, -41.026 -0.125, -41.022 -0.125, -41.021 -0.124, -41.021 -0.116, -41.022 -0.115)), ((40.955 -0.1025, 40.985 -0.1025, 40.985 -0.1075, 40.955 -0.1075, 40.955 -0.1025)), ((40.935 -0.0975, 40.955 -0.0975, 40.955 -0.1025, 40.935 -0.1025, 40.935 -0.0975)), ((41.015 -0.0884, 41.045 -0.0884, 41.045 -0.0934, 41.015 -0.0934, 41.015 -0.0925, 40.985 -0.0925, 40.985 -0.097, 40.955 -0.097, 40.955 -0.092, 40.985 -0.092, 40.985 -0.0875, 41.015 -0.0875, 41.015 -0.0884)), ((-40.985 -0.0893, -40.955 -0.0893, -40.955 -0.0943, -40.985 -0.0943, -40.985 -0.0925, -41.015 -0.0925, -41.015 -0.09295, -41.045 -0.09295, -41.045 -0.08795, -41.015 -0.08795, -41.015 -0.0875, -40.985 -0.0875, -40.985 -0.0893)), ((41.015 -0.0783, 41.045 -0.0783, 41.045 -0.0833, 41.015 -0.0833, 41.015 -0.0825, 40.985 -0.0825, 40.985 -0.0865, 40.955 -0.0865, 40.955 -0.0815, 40.985 -0.0815, 40.985 -0.0775, 41.015 -0.0775, 41.015 -0.0783)), ((-40.985 -0.0791, -40.955 -0.0791, -40.955 -0.0841, -40.985 -0.0841, -40.985 -0.0825, -41.015 -0.0825, -41.015 -0.0829, -41.045 -0.0829, -41.045 -0.0779, -41.015 -0.0779, -41.015 -0.0775, -40.985 -0.0775, -40.985 -0.0791)), ((41.015 -0.0682, 41.045 -0.0682, 41.045 -0.0732, 41.015 -0.0732, 41.015 -0.0725, 40.985 -0.0725, 40.985 -0.076, 40.955 -0.076, 40.955 -0.071, 40.985 -0.071, 40.985 -0.0675, 41.015 -0.0675, 41.015 -0.0682)), ((-40.985 -0.0689, -40.955 -0.0689, -40.955 -0.0739, -40.985 -0.0739, -40.985 -0.0725, -41.015 -0.0725, -41.015 -0.07285, -41.045 -0.07285, -41.045 -0.06785, -41.015 -0.06785, -41.015 -0.0675, -40.985 -0.0675, -40.985 -0.0689)), ((40.955 -0.0605, 40.985 -0.0605, 40.985 -0.0575, 41.015 -0.0575, 41.015 -0.0581, 41.045 -0.0581, 41.045 -0.0631, 41.015 -0.0631, 41.015 -0.0625, 40.985 -0.0625, 40.985 -0.0655, 40.955 -0.0655, 40.955 -0.0605)), ((-41.015 -0.0578, -41.015 -0.0575, -40.985 -0.0575, -40.985 -0.0587, -40.955 -0.0587, -40.955 -0.0637, -40.985 -0.0637, -40.985 -0.0625, -41.015 -0.0625, -41.015 -0.0628, -41.045 -0.0628, -41.045 -0.0578, -41.015 -0.0578)), ((41.015 -0.048, 41.045 -0.048, 41.045 -0.0475, 41.055 -0.0475, 41.055 -0.0525, 41.045 -0.0525, 41.045 -0.053, 41.015 -0.053, 41.015 -0.0525, 40.985 -0.0525, 40.985 -0.055, 40.955 -0.055, 40.955 -0.0525, 40.945 -0.0525, 40.945 -0.0475, 40.955 -0.0475, 40.955 -0.05, 40.985 -0.05, 40.985 -0.0475, 41.015 -0.0475, 41.015 -0.048)), ((-41.045 -0.04775, -41.015 -0.04775, -41.015 -0.0475, -40.985 -0.0475, -40.985 -0.0485, -40.955 -0.0485, -40.955 -0.0475, -40.945 -0.0475, -40.945 -0.0525, -40.955 -0.0525, -40.955 -0.0535, -40.985 -0.0535, -40.985 -0.0525, -41.015 -0.0525, -41.015 -0.05275, -41.045 -0.05275, -41.045 -0.0525, -41.055 -0.0525, -41.055 -0.0475, -41.045 -0.0475, -41.045 -0.04775)), ((40.955 -0.0395, 40.985 -0.0395, 40.985 -0.0375, 41.015 -0.0375, 41.015 -0.0379, 41.045 -0.0379, 41.045 -0.0429, 41.015 -0.0429, 41.015 -0.0425, 40.985 -0.0425, 40.985 -0.0445, 40.955 -0.0445, 40.955 -0.0395)), ((-40.985 -0.0383, -40.955 -0.0383, -40.955 -0.0433, -40.985 -0.0433, -40.985 -0.0425, -41.015 -0.0425, -41.015 -0.0427, -41.045 -0.0427, -41.045 -0.0377, -41.015 -0.0377, -41.015 -0.0375, -40.985 -0.0375, -40.985 -0.0383)), ((40.955 -0.029, 40.985 -0.029, 40.985 -0.0275, 41.015 -0.0275, 41.015 -0.0278, 41.045 -0.0278, 41.045 -0.0328, 41.015 -0.0328, 41.015 -0.0325, 40.985 -0.0325, 40.985 -0.034, 40.955 -0.034, 40.955 -0.029)), ((-40.985 -0.0281, -40.955 -0.0281, -40.955 -0.0331, -40.985 -0.0331, -40.985 -0.0325, -41.015 -0.0325, -41.015 -0.03265, -41.045 -0.03265, -41.045 -0.02765, -41.015 -0.02765, -41.015 -0.0275, -40.985 -0.0275, -40.985 -0.0281)), ((40.955 -0.0185, 40.985 -0.0185, 40.985 -0.0175, 41.015 -0.0175, 41.015 -0.0177, 41.045 -0.0177, 41.045 -0.0227, 41.015 -0.0227, 41.015 -0.0225, 40.985 -0.0225, 40.985 -0.0235, 40.955 -0.0235, 40.955 -0.0185)), ((-40.985 -0.0179, -40.955 -0.0179, -40.955 -0.0229, -40.985 -0.0229, -40.985 -0.0225, -41.015 -0.0225, -41.015 -0.0226, -41.045 -0.0226, -41.045 -0.0176, -41.015 -0.0176, -41.015 -0.0175, -40.985 -0.0175, -40.985 -0.0179)), ((41.015 -0.0076, 41.045 -0.0076, 41.045 -0.0126, 41.015 -0.0126, 41.015 -0.0125, 40.985 -0.0125, 40.985 -0.013, 40.955 -0.013, 40.955 -0.008, 40.985 -0.008, 40.985 -0.0075, 41.015 -0.0075, 41.015 -0.0076)), ((-40.985 -0.0077, -40.955 -0.0077, -40.955 -0.0127, -40.985 -0.0127, -40.985 -0.0125, -41.015 -0.0125, -41.015 -0.01255, -41.045 -0.01255, -41.045 -0.00755, -41.015 -0.00755, -41.015 -0.0075, -40.985 -0.0075, -40.985 -0.0077)), ((40.955 0.0025, 40.985 0.0025, 41.015 0.0025, 41.045 0.0025, 41.065 0.0025, 41.065 -0.0025, 41.045 -0.0025, 41.015 -0.0025, 40.985 -0.0025, 40.955 -0.0025, 40.935 -0.0025, 40.935 0.0025, 40.955 0.0025)), ((-40.955 0.0077, -40.985 0.0077, -40.985 0.0075, -41.015 0.0075, -41.015 0.00755, -41.045 0.00755, -41.045 0.01255, -41.015 0.01255, -41.015 0.0125, -40.985 0.0125, -40.985 0.0127, -40.955 0.0127, -40.955 0.0077)), ((41.015 0.0125, 41.015 0.0126, 41.045 0.0126, 41.045 0.0076, 41.015 0.0076, 41.015 0.0075, 40.985 0.0075, 40.985 0.008, 40.955 0.008, 40.955 0.013, 40.985 0.013, 40.985 0.0125, 41.015 0.0125)), ((-40.955 0.0179, -40.985 0.0179, -40.985 0.0175, -41.015 0.0175, -41.015 0.0176, -41.045 0.0176, -41.045 0.0226, -41.015 0.0226, -41.015 0.0225, -40.985 0.0225, -40.985 0.0229, -40.955 0.0229, -40.955 0.0179)), ((41.015 0.0227, 41.045 0.0227, 41.045 0.0177, 41.015 0.0177, 41.015 0.0175, 40.985 0.0175, 40.985 0.0185, 40.955 0.0185, 40.955 0.0235, 40.985 0.0235, 40.985 0.0225, 41.015 0.0225, 41.015 0.0227)), ((-40.955 0.0281, -40.985 0.0281, -40.985 0.0275, -41.015 0.0275, -41.015 0.02765, -41.045 0.02765, -41.045 0.03265, -41.015 0.03265, -41.015 0.0325, -40.985 0.0325, -40.985 0.0331, -40.955 0.0331, -40.955 0.0281)), ((41.015 0.0328, 41.045 0.0328, 41.045 0.0278, 41.015 0.0278, 41.015 0.0275, 40.985 0.0275, 40.985 0.029, 40.955 0.029, 40.955 0.034, 40.985 0.034, 40.985 0.0325, 41.015 0.0325, 41.015 0.0328)), ((-40.955 0.0383, -40.985 0.0383, -40.985 0.0375, -41.015 0.0375, -41.015 0.0377, -41.045 0.0377, -41.045 0.0427, -41.015 0.0427, -41.015 0.0425, -40.985 0.0425, -40.985 0.0433, -40.955 0.0433, -40.955 0.0383)), ((41.015 0.0429, 41.045 0.0429, 41.045 0.0379, 41.015 0.0379, 41.015 0.0375, 40.985 0.0375, 40.985 0.0395, 40.955 0.0395, 40.955 0.0445, 40.985 0.0445, 40.985 0.0425, 41.015 0.0425, 41.015 0.0429)), ((40.945 0.0525, 40.955 0.0525, 40.955 0.055, 40.985 0.055, 40.985 0.0525, 41.015 0.0525, 41.015 0.053, 41.045 0.053, 41.045 0.0525, 41.055 0.0525, 41.055 0.0475, 41.045 0.0475, 41.045 0.048, 41.015 0.048, 41.015 0.0475, 40.985 0.0475, 40.985 0.05, 40.955 0.05, 40.955 0.0475, 40.945 0.0475, 40.945 0.0525)), ((-40.955 0.0525, -40.945 0.0525, -40.945 0.0475, -40.955 0.0475, -40.955 0.0485, -40.985 0.0485, -40.985 0.0475, -41.015 0.0475, -41.015 0.04775, -41.045 0.04775, -41.045 0.0475, -41.055 0.0475, -41.055 0.0525, -41.045 0.0525, -41.045 0.05275, -41.015 0.05275, -41.015 0.0525, -40.985 0.0525, -40.985 0.0535, -40.955 0.0535, -40.955 0.0525)), ((-40.955 0.0587, -40.985 0.0587, -40.985 0.0575, -41.015 0.0575, -41.015 0.0578, -41.045 0.0578, -41.045 0.0628, -41.015 0.0628, -41.015 0.0625, -40.985 0.0625, -40.985 0.0637, -40.955 0.0637, -40.955 0.0587)), ((41.015 0.0631, 41.045 0.0631, 41.045 0.0581, 41.015 0.0581, 41.015 0.0575, 40.985 0.0575, 40.985 0.0605, 40.955 0.0605, 40.955 0.0655, 40.985 0.0655, 40.985 0.0625, 41.015 0.0625, 41.015 0.0631)), ((-41.015 0.06785, -41.045 0.06785, -41.045 0.07285, -41.015 0.07285, -41.015 0.0725, -40.985 0.0725, -40.985 0.0739, -40.955 0.0739, -40.955 0.0689, -40.985 0.0689, -40.985 0.0675, -41.015 0.0675, -41.015 0.06785)), ((41.015 0.0732, 41.045 0.0732, 41.045 0.0682, 41.015 0.0682, 41.015 0.0675, 40.985 0.0675, 40.985 0.071, 40.955 0.071, 40.955 0.076, 40.985 0.076, 40.985 0.0725, 41.015 0.0725, 41.015 0.0732)), ((-40.955 0.0791, -40.985 0.0791, -40.985 0.0775, -41.015 0.0775, -41.015 0.0779, -41.045 0.0779, -41.045 0.0829, -41.015 0.0829, -41.015 0.0825, -40.985 0.0825, -40.985 0.0841, -40.955 0.0841, -40.955 0.0791)), ((41.045 0.0783, 41.015 0.0783, 41.015 0.0775, 40.985 0.0775, 40.985 0.0815, 40.955 0.0815, 40.955 0.0865, 40.985 0.0865, 40.985 0.0825, 41.015 0.0825, 41.015 0.0833, 41.045 0.0833, 41.045 0.0783)), ((-40.955 0.0893, -40.985 0.0893, -40.985 0.0875, -41.015 0.0875, -41.015 0.08795, -41.045 0.08795, -41.045 0.09295, -41.015 0.09295, -41.015 0.0925, -40.985 0.0925, -40.985 0.0943, -40.955 0.0943, -40.955 0.0893)), ((41.015 0.0934, 41.045 0.0934, 41.045 0.0884, 41.015 0.0884, 41.015 0.0875, 40.985 0.0875, 40.985 0.092, 40.955 0.092, 40.955 0.097, 40.985 0.097, 40.985 0.0925, 41.015 0.0925, 41.015 0.0934)), ((40.955 0.1025, 40.955 0.0975, 40.935 0.0975, 40.935 0.1025, 40.955 0.1025)), ((40.955 0.1075, 40.985 0.1075, 40.985 0.1025, 40.955 0.1025, 40.955 0.1075)), ((-41.048141 0.163118, -41.048141 0.177118, -41.046141000000006 0.177118, -41.041141 0.172118, -41.040141000000006 0.172118, -41.040141000000006 0.177118, -41.038141 0.177118, -41.038141 0.163118, -41.040141000000006 0.163118, -41.040141000000006 0.168118, -41.045141 0.173118, -41.046141000000006 0.173118, -41.046141000000006 0.163118, -41.048141 0.163118)), ((-41.034141000000005 0.173118, -41.034141000000005 0.163118, -41.036141 0.163118, -41.036141 0.177118, -41.034141000000005 0.177118, -41.032141 0.175118, -41.030141 0.175118, -41.028141000000005 0.177118, -41.026141 0.177118, -41.026141 0.163118, -41.028141000000005 0.163118, -41.028141000000005 0.173118, -41.029141 0.173118, -41.031141000000005 0.171118, -41.033141 0.173118, -41.034141000000005 0.173118)), ((-41.048141 0.223524, -41.048141 0.237524, -41.046141000000006 0.237524, -41.041141 0.232524, -41.040141000000006 0.232524, -41.040141000000006 0.237524, -41.038141 0.237524, -41.038141 0.223524, -41.040141000000006 0.223524, -41.040141000000006 0.228524, -41.045141 0.233524, -41.046141000000006 0.233524, -41.046141000000006 0.223524, -41.048141 0.223524)), ((-41.034141000000005 0.233524, -41.034141000000005 0.223524, -41.036141 0.223524, -41.036141 0.237524, -41.034141000000005 0.237524, -41.032141 0.235524, -41.030141 0.235524, -41.028141000000005 0.237524, -41.026141 0.237524, -41.026141 0.223524, -41.028141000000005 0.223524, -41.028141000000005 0.233524, -41.029141 0.233524, -41.031141000000005 0.231524, -41.033141 0.233524, -41.034141000000005 0.233524)), ((41.097 -0.185, 41.097 -0.155, 41.0975 -0.155, 41.0975 -0.135, 41.1025 -0.135, 41.1025 -0.155, 41.102 -0.155, 41.102 -0.185, 41.1025 -0.185, 41.1025 -0.215, 41.1005 -0.215, 41.1005 -0.245, 41.1025 -0.245, 41.1025 -0.265, 41.0975 -0.265, 41.0975 -0.245, 41.0955 -0.245, 41.0955 -0.215, 41.0975 -0.215, 41.0975 -0.185, 41.097 -0.185)), ((41.062141000000004 -0.237524, 41.062141000000004 -0.223524, 41.064141000000006 -0.223524, 41.069141 -0.228524, 41.07014100000001 -0.228524, 41.07014100000001 -0.223524, 41.072141 -0.223524, 41.072141 -0.237524, 41.07014100000001 -0.237524, 41.07014100000001 -0.232524, 41.065141000000004 -0.227524, 41.064141000000006 -0.227524, 41.064141000000006 -0.237524, 41.062141000000004 -0.237524)), ((41.076141 -0.227524, 41.076141 -0.237524, 41.074141000000004 -0.237524, 41.074141000000004 -0.223524, 41.076141 -0.223524, 41.078141 -0.225524, 41.080141000000005 -0.225524, 41.082141 -0.223524, 41.084141 -0.223524, 41.084141 -0.237524, 41.082141 -0.237524, 41.082141 -0.227524, 41.081141 -0.227524, 41.079141 -0.229524, 41.077141000000005 -0.227524, 41.076141 -0.227524)), ((41.042141 -0.228524, 41.044141 -0.228524, 41.044141 -0.232524, 41.042141 -0.232524, 41.042141 -0.228524)), ((41.048141 -0.225524, 41.048141 -0.235524, 41.046141000000006 -0.237524, 41.040141000000006 -0.237524, 41.038141 -0.235524, 41.038141 -0.225524, 41.040141000000006 -0.223524, 41.046141000000006 -0.223524, 41.048141 -0.225524), (41.040141000000006 -0.226524, 41.040141000000006 -0.234524, 41.041141 -0.235524, 41.045141 -0.235524, 41.046141000000006 -0.234524, 41.046141000000006 -0.226524, 41.045141 -0.225524, 41.041141 -0.225524, 41.040141000000006 -0.226524)), ((41.054141 -0.228524, 41.056141000000004 -0.228524, 41.056141000000004 -0.232524, 41.054141 -0.232524, 41.054141 -0.228524)), ((41.060141 -0.225524, 41.060141 -0.235524, 41.058141000000006 -0.237524, 41.052141000000006 -0.237524, 41.050141 -0.235524, 41.050141 -0.225524, 41.052141000000006 -0.223524, 41.058141000000006 -0.223524, 41.060141 -0.225524), (41.052141000000006 -0.226524, 41.052141000000006 -0.234524, 41.053141000000004 -0.235524, 41.057141 -0.235524, 41.058141000000006 -0.234524, 41.058141000000006 -0.226524, 41.057141 -0.225524, 41.053141000000004 -0.225524, 41.052141000000006 -0.226524)), ((41.034141000000005 -0.223524, 41.036141 -0.225524, 41.036141 -0.230524, 41.034141000000005 -0.232524, 41.029141 -0.232524, 41.028141000000005 -0.233524, 41.028141000000005 -0.235524, 41.036141 -0.235524, 41.036141 -0.237524, 41.026141 -0.237524, 41.026141 -0.232524, 41.028141000000005 -0.230524, 41.033141 -0.230524, 41.034141000000005 -0.229524, 41.034141000000005 -0.226524, 41.033141 -0.225524, 41.029141 -0.225524, 41.028141000000005 -0.226524, 41.028141000000005 -0.227524, 41.026141 -0.227524, 41.026141 -0.225524, 41.028141000000005 -0.223524, 41.034141000000005 -0.223524)), ((41.1171 -0.155, 41.122099999999996 -0.155, 41.122099999999996 -0.185, 41.1225 -0.185, 41.1225 -0.215, 41.1209 -0.215, 41.1209 -0.245, 41.1159 -0.245, 41.1159 -0.215, 41.1175 -0.215, 41.1175 -0.185, 41.1171 -0.185, 41.1171 -0.155)), ((41.1325 -0.215, 41.131099999999996 -0.215, 41.131099999999996 -0.245, 41.1261 -0.245, 41.1261 -0.215, 41.1275 -0.215, 41.1275 -0.185, 41.12715 -0.185, 41.12715 -0.155, 41.13215 -0.155, 41.13215 -0.185, 41.1325 -0.185, 41.1325 -0.215)), ((41.1125 -0.215, 41.1107 -0.215, 41.1107 -0.245, 41.105700000000006 -0.245, 41.105700000000006 -0.215, 41.1075 -0.215, 41.1075 -0.185, 41.10705 -0.185, 41.10705 -0.155, 41.11205 -0.155, 41.11205 -0.185, 41.1125 -0.185, 41.1125 -0.215)), ((41.076141 -0.167118, 41.076141 -0.177118, 41.074141000000004 -0.177118, 41.074141000000004 -0.163118, 41.076141 -0.163118, 41.078141 -0.165118, 41.080141000000005 -0.165118, 41.082141 -0.163118, 41.084141 -0.163118, 41.084141 -0.177118, 41.082141 -0.177118, 41.082141 -0.167118, 41.081141 -0.167118, 41.079141 -0.169118, 41.077141000000005 -0.167118, 41.076141 -0.167118)), ((41.060141 -0.165118, 41.060141 -0.175118, 41.058141000000006 -0.177118, 41.052141000000006 -0.177118, 41.050141 -0.175118, 41.050141 -0.165118, 41.052141000000006 -0.163118, 41.058141000000006 -0.163118, 41.060141 -0.165118), (41.052141000000006 -0.166118, 41.052141000000006 -0.174118, 41.053141000000004 -0.175118, 41.057141 -0.175118, 41.058141000000006 -0.174118, 41.058141000000006 -0.166118, 41.057141 -0.165118, 41.053141000000004 -0.165118, 41.052141000000006 -0.166118)), ((41.048141 -0.165118, 41.040141000000006 -0.165118, 41.040141000000006 -0.168118, 41.046141000000006 -0.168118, 41.048141 -0.170118, 41.048141 -0.175118, 41.046141000000006 -0.177118, 41.040141000000006 -0.177118, 41.038141 -0.175118, 41.038141 -0.173118, 41.040141000000006 -0.173118, 41.040141000000006 -0.174118, 41.041141 -0.175118, 41.045141 -0.175118, 41.046141000000006 -0.174118, 41.046141000000006 -0.171118, 41.045141 -0.170118, 41.038141 -0.170118, 41.038141 -0.163118, 41.048141 -0.163118, 41.048141 -0.165118)), ((41.054141 -0.168118, 41.056141000000004 -0.168118, 41.056141000000004 -0.172118, 41.054141 -0.172118, 41.054141 -0.168118)), ((41.062141000000004 -0.177118, 41.062141000000004 -0.163118, 41.064141000000006 -0.163118, 41.069141 -0.168118, 41.07014100000001 -0.168118, 41.07014100000001 -0.163118, 41.072141 -0.163118, 41.072141 -0.177118, 41.07014100000001 -0.177118, 41.07014100000001 -0.172118, 41.065141000000004 -0.167118, 41.064141000000006 -0.167118, 41.064141000000006 -0.177118, 41.062141000000004 -0.177118)), ((41.013 -0.127, 41.013 -0.125, 41.017 -0.125, 41.017 -0.117, 41.016 -0.117, 41.014 -0.119, 41.013 -0.119, 41.013 -0.117, 41.017 -0.113, 41.019 -0.113, 41.019 -0.125, 41.023 -0.125, 41.023 -0.127, 41.013 -0.127)), ((41.041 -0.118, 41.043 -0.118, 41.043 -0.122, 41.041 -0.122, 41.041 -0.118)), ((41.035 -0.115, 41.035 -0.125, 41.033 -0.127, 41.027 -0.127, 41.025 -0.125, 41.025 -0.115, 41.027 -0.113, 41.033 -0.113, 41.035 -0.115), (41.028 -0.125, 41.032 -0.125, 41.033 -0.124, 41.033 -0.116, 41.032 -0.115, 41.028 -0.115, 41.027 -0.116, 41.027 -0.124, 41.028 -0.125)), ((41.031 -0.118, 41.031 -0.122, 41.029 -0.122, 41.029 -0.118, 41.031 -0.118)), ((41.047 -0.115, 41.047 -0.125, 41.045 -0.127, 41.039 -0.127, 41.037 -0.125, 41.037 -0.115, 41.039 -0.113, 41.045 -0.113, 41.047 -0.115), (41.04 -0.125, 41.044 -0.125, 41.045 -0.124, 41.045 -0.116, 41.044 -0.115, 41.04 -0.115, 41.039 -0.116, 41.039 -0.124, 41.04 -0.125)), ((41.065 -0.1025, 41.045 -0.1025, 41.045 -0.1035, 41.015 -0.1035, 41.015 -0.1025, 40.985 -0.1025, 40.985 -0.0975, 41.015 -0.0975, 41.015 -0.0985, 41.045 -0.0985, 41.045 -0.0975, 41.065 -0.0975, 41.065 -0.1025)), ((40.985 0.1025, 41.015 0.1025, 41.015 0.1035, 41.045 0.1035, 41.045 0.1025, 41.065 0.1025, 41.065 0.0975, 41.045 0.0975, 41.045 0.0985, 41.015 0.0985, 41.015 0.0975, 40.985 0.0975, 40.985 0.1025)), ((41.1015 0.155, 41.1025 0.155, 41.1025 0.135, 41.0975 0.135, 41.0975 0.155, 41.0965 0.155, 41.0965 0.185, 41.0975 0.185, 41.0975 0.215, 41.1025 0.215, 41.1025 0.185, 41.1015 0.185, 41.1015 0.155)), ((41.1325 0.185, 41.131800000000005 0.185, 41.131800000000005 0.155, 41.1268 0.155, 41.1268 0.185, 41.1275 0.185, 41.1275 0.215, 41.124 0.215, 41.124 0.245, 41.129 0.245, 41.129 0.215, 41.1325 0.215, 41.1325 0.185)), ((41.1225 0.185, 41.121700000000004 0.185, 41.121700000000004 0.155, 41.1167 0.155, 41.1167 0.185, 41.1175 0.185, 41.1175 0.215, 41.1135 0.215, 41.1135 0.245, 41.1185 0.245, 41.1185 0.215, 41.1225 0.215, 41.1225 0.185)), ((41.1125 0.185, 41.111599999999996 0.185, 41.111599999999996 0.155, 41.1066 0.155, 41.1066 0.185, 41.1075 0.185, 41.1075 0.215, 41.103 0.215, 41.103 0.245, 41.108 0.245, 41.108 0.215, 41.1125 0.215, 41.1125 0.185)), ((41.0925 0.245, 41.0975 0.245, 41.0975 0.215, 41.0925 0.215, 41.0925 0.245)), ((41.1425 0.185, 41.1419 0.185, 41.1419 0.155, 41.136900000000004 0.155, 41.136900000000004 0.185, 41.1375 0.185, 41.1375 0.215, 41.1345 0.215, 41.1345 0.245, 41.1395 0.245, 41.1395 0.215, 41.1425 0.215, 41.1425 0.185)), ((41.1025 0.265, 41.1025 0.245, 41.0975 0.245, 41.0975 0.265, 41.1025 0.265)), ((41.1975 -0.135, 41.2025 -0.135, 41.2025 -0.155, 41.2025 -0.185, 41.2025 -0.215, 41.2025 -0.245, 41.2025 -0.265, 41.1975 -0.265, 41.1975 -0.245, 41.1975 -0.215, 41.1975 -0.185, 41.1975 -0.155, 41.1975 -0.135)), ((41.1475 -0.185, 41.14725 -0.185, 41.14725 -0.155, 41.1475 -0.155, 41.1475 -0.145, 41.1525 -0.145, 41.1525 -0.155, 41.15225 -0.155, 41.15225 -0.185, 41.1525 -0.185, 41.1525 -0.215, 41.1515 -0.215, 41.1515 -0.245, 41.1525 -0.245, 41.1525 -0.255, 41.1475 -0.255, 41.1475 -0.245, 41.1465 -0.245, 41.1465 -0.215, 41.1475 -0.215, 41.1475 -0.185)), ((41.1774 -0.155, 41.1824 -0.155, 41.1824 -0.185, 41.1825 -0.185, 41.1825 -0.215, 41.1821 -0.215, 41.1821 -0.245, 41.177099999999996 -0.245, 41.177099999999996 -0.215, 41.1775 -0.215, 41.1775 -0.185, 41.1774 -0.185, 41.1774 -0.155)), ((41.207550000000005 -0.155, 41.21255 -0.155, 41.21255 -0.185, 41.2125 -0.185, 41.2125 -0.215, 41.212700000000005 -0.215, 41.212700000000005 -0.245, 41.2077 -0.245, 41.2077 -0.215, 41.2075 -0.215, 41.2075 -0.185, 41.207550000000005 -0.185, 41.207550000000005 -0.155)), ((41.16735 -0.155, 41.17235 -0.155, 41.17235 -0.185, 41.1725 -0.185, 41.1725 -0.215, 41.1719 -0.215, 41.1719 -0.245, 41.1669 -0.245, 41.1669 -0.215, 41.1675 -0.215, 41.1675 -0.185, 41.16735 -0.185, 41.16735 -0.155)), ((41.13720000000001 -0.155, 41.1422 -0.155, 41.1422 -0.185, 41.1425 -0.185, 41.1425 -0.215, 41.1413 -0.215, 41.1413 -0.245, 41.136300000000006 -0.245, 41.136300000000006 -0.215, 41.1375 -0.215, 41.1375 -0.185, 41.13720000000001 -0.185, 41.13720000000001 -0.155)), ((41.187450000000005 -0.155, 41.19245 -0.155, 41.19245 -0.185, 41.1925 -0.185, 41.1925 -0.215, 41.1923 -0.215, 41.1923 -0.245, 41.1873 -0.245, 41.1873 -0.215, 41.1875 -0.215, 41.1875 -0.185, 41.187450000000005 -0.185, 41.187450000000005 -0.155)), ((41.227650000000004 -0.155, 41.23265 -0.155, 41.23265 -0.185, 41.2325 -0.185, 41.2325 -0.215, 41.2331 -0.215, 41.2331 -0.245, 41.2281 -0.245, 41.2281 -0.215, 41.2275 -0.215, 41.2275 -0.185, 41.227650000000004 -0.185, 41.227650000000004 -0.155)), ((41.1625 -0.215, 41.1617 -0.215, 41.1617 -0.245, 41.15670000000001 -0.245, 41.15670000000001 -0.215, 41.1575 -0.215, 41.1575 -0.185, 41.157300000000006 -0.185, 41.157300000000006 -0.155, 41.1623 -0.155, 41.1623 -0.185, 41.1625 -0.185, 41.1625 -0.215)), ((41.2176 -0.155, 41.2226 -0.155, 41.2226 -0.185, 41.2225 -0.185, 41.2225 -0.215, 41.2229 -0.215, 41.2229 -0.245, 41.2179 -0.245, 41.2179 -0.215, 41.2175 -0.215, 41.2175 -0.185, 41.2176 -0.185, 41.2176 -0.155)), ((41.2375 -0.185, 41.237700000000004 -0.185, 41.237700000000004 -0.155, 41.242700000000006 -0.155, 41.242700000000006 -0.185, 41.2425 -0.185, 41.2425 -0.215, 41.243300000000005 -0.215, 41.243300000000005 -0.245, 41.2383 -0.245, 41.2383 -0.215, 41.2375 -0.215, 41.2375 -0.185)), ((41.180999 -0.0525, 41.195999 -0.0525, 41.195999 -0.0675, 41.180999 -0.0675, 41.180999 -0.0525)), ((41.218999000000004 -0.0525, 41.218999000000004 -0.0675, 41.203999 -0.0675, 41.203999 -0.0525, 41.218999000000004 -0.0525)), ((41.147525 -0.058132, 41.158131999999995 -0.047525, 41.168738 -0.058132, 41.158131999999995 -0.068738, 41.147525 -0.058132)), ((41.140808 -0.05495, 41.15495000000001 -0.040808, 41.159192000000004 -0.04505, 41.145050000000005 -0.059192, 41.140808 -0.05495)), ((41.131262 -0.041868, 41.141868 -0.031262, 41.152474999999995 -0.041868, 41.141868 -0.052475, 41.131262 -0.041868)), ((41.238009 -0.012, 41.238009 -0.038, 41.212008999999995 -0.038, 41.212008999999995 -0.02, 41.204009 -0.02, 41.204009 -0.004, 41.220009 -0.004, 41.220009 -0.012, 41.238009 -0.012)), ((41.196009 -0.02, 41.187989 -0.02, 41.187989 -0.038, 41.161989 -0.038, 41.161989 -0.012, 41.180009 -0.012, 41.180009 -0.004, 41.196009 -0.004, 41.196009 -0.02)), ((41.132499 -0.004, 41.147499 -0.004, 41.147499 -0.019, 41.132499 -0.019, 41.132499 -0.004)), ((41.203 0.003, 41.29 0.003, 41.29 -0.003, 41.203 -0.003, 41.203 -0.09, 41.197 -0.09, 41.197 -0.003, 41.11 -0.003, 41.11 0.003, 41.197 0.003, 41.197 0.09, 41.203 0.09, 41.203 0.003)), ((41.132499 0.019, 41.147499 0.019, 41.147499 0.004, 41.132499 0.004, 41.132499 0.019)), ((41.188009 0.02, 41.196009 0.02, 41.196009 0.004, 41.180009 0.004, 41.180009 0.012, 41.162009 0.012, 41.162009 0.038, 41.188009 0.038, 41.188009 0.02)), ((41.238009 0.012, 41.220009 0.012, 41.220009 0.004, 41.204009 0.004, 41.204009 0.02, 41.212008999999995 0.02, 41.212008999999995 0.038, 41.238009 0.038, 41.238009 0.012)), ((41.132262000000004 0.040868, 41.142868 0.051475, 41.153475 0.040868, 41.142868 0.030262, 41.132262000000004 0.040868)), ((41.141808 0.05395, 41.14605 0.058192, 41.160192 0.04405, 41.155950000000004 0.039808, 41.141808 0.05395)), ((41.148525 0.057132, 41.159132 0.067738, 41.169737999999995 0.057132, 41.159132 0.046525, 41.148525 0.057132)), ((41.180999 0.0675, 41.195999 0.0675, 41.195999 0.0525, 41.180999 0.0525, 41.180999 0.0675)), ((41.203999 0.0675, 41.218999000000004 0.0675, 41.218999000000004 0.0525, 41.203999 0.0525, 41.203999 0.0675)), ((41.1975 0.245, 41.1975 0.265, 41.2025 0.265, 41.2025 0.245, 41.2025 0.215, 41.2025 0.185, 41.2025 0.155, 41.2025 0.135, 41.1975 0.135, 41.1975 0.155, 41.1975 0.185, 41.1975 0.215, 41.1975 0.245)), ((41.1475 0.215, 41.145 0.215, 41.145 0.245, 41.1475 0.245, 41.1475 0.255, 41.1525 0.255, 41.1525 0.245, 41.15 0.245, 41.15 0.215, 41.1525 0.215, 41.1525 0.185, 41.152 0.185, 41.152 0.155, 41.1525 0.155, 41.1525 0.145, 41.1475 0.145, 41.1475 0.155, 41.147 0.155, 41.147 0.185, 41.1475 0.185, 41.1475 0.215)), ((41.234 0.245, 41.234 0.215, 41.2325 0.215, 41.2325 0.185, 41.232800000000005 0.185, 41.232800000000005 0.155, 41.2278 0.155, 41.2278 0.185, 41.2275 0.185, 41.2275 0.215, 41.229 0.215, 41.229 0.245, 41.234 0.245)), ((41.166 0.245, 41.171 0.245, 41.171 0.215, 41.1725 0.215, 41.1725 0.185, 41.172200000000004 0.185, 41.172200000000004 0.155, 41.1672 0.155, 41.1672 0.185, 41.1675 0.185, 41.1675 0.215, 41.166 0.215, 41.166 0.245)), ((41.1765 0.245, 41.1815 0.245, 41.1815 0.215, 41.1825 0.215, 41.1825 0.185, 41.182300000000005 0.185, 41.182300000000005 0.155, 41.1773 0.155, 41.1773 0.185, 41.1775 0.185, 41.1775 0.215, 41.1765 0.215, 41.1765 0.245)), ((41.1555 0.245, 41.1605 0.245, 41.1605 0.215, 41.1625 0.215, 41.1625 0.185, 41.162099999999995 0.185, 41.162099999999995 0.155, 41.1571 0.155, 41.1571 0.185, 41.1575 0.185, 41.1575 0.215, 41.1555 0.215, 41.1555 0.245)), ((41.2185 0.245, 41.2235 0.245, 41.2235 0.215, 41.2225 0.215, 41.2225 0.185, 41.2227 0.185, 41.2227 0.155, 41.21770000000001 0.155, 41.21770000000001 0.185, 41.2175 0.185, 41.2175 0.215, 41.2185 0.215, 41.2185 0.245)), ((41.2429 0.185, 41.2429 0.155, 41.2379 0.155, 41.2379 0.185, 41.2375 0.185, 41.2375 0.215, 41.2395 0.215, 41.2395 0.245, 41.2445 0.245, 41.2445 0.215, 41.2425 0.215, 41.2425 0.185, 41.2429 0.185)), ((41.208 0.245, 41.213 0.245, 41.213 0.215, 41.2125 0.215, 41.2125 0.185, 41.2126 0.185, 41.2126 0.155, 41.2076 0.155, 41.2076 0.185, 41.2075 0.185, 41.2075 0.215, 41.208 0.215, 41.208 0.245)), ((41.192 0.245, 41.192 0.215, 41.1925 0.215, 41.1925 0.185, 41.1924 0.185, 41.1924 0.155, 41.187400000000004 0.155, 41.187400000000004 0.185, 41.1875 0.185, 41.1875 0.215, 41.187 0.215, 41.187 0.245, 41.192 0.245)), ((41.2975 -0.135, 41.3025 -0.135, 41.3025 -0.155, 41.303 -0.155, 41.303 -0.185, 41.3025 -0.185, 41.3025 -0.215, 41.3045 -0.215, 41.3045 -0.245, 41.3025 -0.245, 41.3025 -0.265, 41.2975 -0.265, 41.2975 -0.245, 41.2995 -0.245, 41.2995 -0.215, 41.2975 -0.215, 41.2975 -0.185, 41.298 -0.185, 41.298 -0.155, 41.2975 -0.155, 41.2975 -0.135)), ((41.2475 -0.145, 41.2525 -0.145, 41.2525 -0.155, 41.25275 -0.155, 41.25275 -0.185, 41.2525 -0.185, 41.2525 -0.215, 41.2535 -0.215, 41.2535 -0.245, 41.2525 -0.245, 41.2525 -0.255, 41.2475 -0.255, 41.2475 -0.245, 41.2485 -0.245, 41.2485 -0.215, 41.2475 -0.215, 41.2475 -0.185, 41.24775 -0.185, 41.24775 -0.155, 41.2475 -0.155, 41.2475 -0.145)), ((41.2578 -0.155, 41.262800000000006 -0.155, 41.262800000000006 -0.185, 41.2625 -0.185, 41.2625 -0.215, 41.26370000000001 -0.215, 41.26370000000001 -0.245, 41.258700000000005 -0.245, 41.258700000000005 -0.215, 41.2575 -0.215, 41.2575 -0.185, 41.2578 -0.185, 41.2578 -0.155)), ((41.2779 -0.155, 41.2829 -0.155, 41.2829 -0.185, 41.2825 -0.185, 41.2825 -0.215, 41.284099999999995 -0.215, 41.284099999999995 -0.245, 41.2791 -0.245, 41.2791 -0.215, 41.2775 -0.215, 41.2775 -0.185, 41.2779 -0.185, 41.2779 -0.155)), ((41.267849999999996 -0.155, 41.27285 -0.155, 41.27285 -0.185, 41.2725 -0.185, 41.2725 -0.215, 41.273900000000005 -0.215, 41.273900000000005 -0.245, 41.2689 -0.245, 41.2689 -0.215, 41.2675 -0.215, 41.2675 -0.185, 41.267849999999996 -0.185, 41.267849999999996 -0.155)), ((41.28795 -0.155, 41.292950000000005 -0.155, 41.292950000000005 -0.185, 41.2925 -0.185, 41.2925 -0.215, 41.2943 -0.215, 41.2943 -0.245, 41.289300000000004 -0.245, 41.289300000000004 -0.215, 41.2875 -0.215, 41.2875 -0.185, 41.28795 -0.185, 41.28795 -0.155)), ((41.369 -0.115, 41.361 -0.115, 41.361 -0.118, 41.367 -0.118, 41.369 -0.12, 41.369 -0.125, 41.367 -0.127, 41.361 -0.127, 41.359 -0.125, 41.359 -0.123, 41.361 -0.123, 41.361 -0.124, 41.362 -0.125, 41.366 -0.125, 41.367 -0.124, 41.367 -0.121, 41.366 -0.12, 41.359 -0.12, 41.359 -0.113, 41.369 -0.113, 41.369 -0.115)), ((41.415 -0.0995, 41.445 -0.0995, 41.445 -0.0975, 41.465 -0.0975, 41.465 -0.1025, 41.445 -0.1025, 41.445 -0.1045, 41.415 -0.1045, 41.415 -0.1025, 41.385 -0.1025, 41.385 -0.103, 41.355 -0.103, 41.355 -0.1025, 41.335 -0.1025, 41.335 -0.0975, 41.355 -0.0975, 41.355 -0.098, 41.385 -0.098, 41.385 -0.0975, 41.415 -0.0975, 41.415 -0.0995)), ((41.415 -0.0893, 41.445 -0.0893, 41.445 -0.0943, 41.415 -0.0943, 41.415 -0.0925, 41.385 -0.0925, 41.385 -0.09295, 41.355 -0.09295, 41.355 -0.08795, 41.385 -0.08795, 41.385 -0.0875, 41.415 -0.0875, 41.415 -0.0893)), ((41.415 -0.0791, 41.445 -0.0791, 41.445 -0.0841, 41.415 -0.0841, 41.415 -0.0825, 41.385 -0.0825, 41.385 -0.0829, 41.355 -0.0829, 41.355 -0.0779, 41.385 -0.0779, 41.385 -0.0775, 41.415 -0.0775, 41.415 -0.0791)), ((41.415 -0.0689, 41.445 -0.0689, 41.445 -0.0739, 41.415 -0.0739, 41.415 -0.0725, 41.385 -0.0725, 41.385 -0.07285, 41.355 -0.07285, 41.355 -0.06785, 41.385 -0.06785, 41.385 -0.0675, 41.415 -0.0675, 41.415 -0.0689)), ((41.415 -0.0587, 41.445 -0.0587, 41.445 -0.0637, 41.415 -0.0637, 41.415 -0.0625, 41.385 -0.0625, 41.385 -0.0628, 41.355 -0.0628, 41.355 -0.0578, 41.385 -0.0578, 41.385 -0.0575, 41.415 -0.0575, 41.415 -0.0587)), ((41.241868000000004 -0.047525, 41.252475 -0.058132, 41.241868000000004 -0.068738, 41.231262 -0.058132, 41.241868000000004 -0.047525)), ((41.415 -0.0485, 41.445 -0.0485, 41.445 -0.0475, 41.455 -0.0475, 41.455 -0.0525, 41.445 -0.0525, 41.445 -0.0535, 41.415 -0.0535, 41.415 -0.0525, 41.385 -0.0525, 41.385 -0.05275, 41.355 -0.05275, 41.355 -0.0525, 41.345 -0.0525, 41.345 -0.0475, 41.355 -0.0475, 41.355 -0.04775, 41.385 -0.04775, 41.385 -0.0475, 41.415 -0.0475, 41.415 -0.0485)), ((41.240807999999994 -0.04505, 41.245050000000006 -0.040808, 41.259192000000006 -0.05495, 41.25495 -0.059192, 41.240807999999994 -0.04505)), ((41.247525 -0.041868, 41.258131999999996 -0.031262, 41.268738 -0.041868, 41.258131999999996 -0.052475, 41.247525 -0.041868)), ((41.415 -0.0383, 41.445 -0.0383, 41.445 -0.0433, 41.415 -0.0433, 41.415 -0.0425, 41.385 -0.0425, 41.385 -0.0427, 41.355 -0.0427, 41.355 -0.0377, 41.385 -0.0377, 41.385 -0.0375, 41.415 -0.0375, 41.415 -0.0383)), ((41.415 -0.0281, 41.445 -0.0281, 41.445 -0.0331, 41.415 -0.0331, 41.415 -0.0325, 41.385 -0.0325, 41.385 -0.03265, 41.355 -0.03265, 41.355 -0.02765, 41.385 -0.02765, 41.385 -0.0275, 41.415 -0.0275, 41.415 -0.0281)), ((41.415 -0.0179, 41.445 -0.0179, 41.445 -0.0229, 41.415 -0.0229, 41.415 -0.0225, 41.385 -0.0225, 41.385 -0.0226, 41.355 -0.0226, 41.355 -0.0176, 41.385 -0.0176, 41.385 -0.0175, 41.415 -0.0175, 41.415 -0.0179)), ((41.252499 -0.004, 41.267499 -0.004, 41.267499 -0.019, 41.252499 -0.019, 41.252499 -0.004)), ((41.415 -0.0077, 41.445 -0.0077, 41.445 -0.0127, 41.415 -0.0127, 41.415 -0.0125, 41.385 -0.0125, 41.385 -0.01255, 41.355 -0.01255, 41.355 -0.00755, 41.385 -0.00755, 41.385 -0.0075, 41.415 -0.0075, 41.415 -0.0077)), ((41.445 0.0025, 41.465 0.0025, 41.465 -0.0025, 41.445 -0.0025, 41.415 -0.0025, 41.385 -0.0025, 41.355 -0.0025, 41.335 -0.0025, 41.335 0.0025, 41.355 0.0025, 41.385 0.0025, 41.415 0.0025, 41.445 0.0025)), ((41.252499 0.019, 41.267499 0.019, 41.267499 0.004, 41.252499 0.004, 41.252499 0.019)), ((41.415 0.0331, 41.445 0.0331, 41.445 0.0281, 41.415 0.0281, 41.415 0.0275, 41.385 0.0275, 41.385 0.02765, 41.355 0.02765, 41.355 0.03265, 41.385 0.03265, 41.385 0.0325, 41.415 0.0325, 41.415 0.0331)), ((41.247525 0.041868, 41.258131999999996 0.052475, 41.268738 0.041868, 41.258131999999996 0.031262, 41.247525 0.041868)), ((41.385 0.0525, 41.415 0.0525, 41.415 0.0535, 41.445 0.0535, 41.445 0.0525, 41.455 0.0525, 41.455 0.0475, 41.445 0.0475, 41.445 0.0485, 41.415 0.0485, 41.415 0.0475, 41.385 0.0475, 41.385 0.04775, 41.355 0.04775, 41.355 0.0475, 41.345 0.0475, 41.345 0.0525, 41.355 0.0525, 41.355 0.05275, 41.385 0.05275, 41.385 0.0525)), ((41.240807999999994 0.04505, 41.25495 0.059192, 41.259192000000006 0.05495, 41.245050000000006 0.040808, 41.240807999999994 0.04505)), ((41.231262 0.058132, 41.241868000000004 0.068738, 41.252475 0.058132, 41.241868000000004 0.047525, 41.231262 0.058132)), ((41.415 0.0637, 41.445 0.0637, 41.445 0.0587, 41.415 0.0587, 41.415 0.0575, 41.385 0.0575, 41.385 0.0578, 41.355 0.0578, 41.355 0.0628, 41.385 0.0628, 41.385 0.0625, 41.415 0.0625, 41.415 0.0637)), ((41.415 0.0841, 41.445 0.0841, 41.445 0.0791, 41.415 0.0791, 41.415 0.0775, 41.385 0.0775, 41.385 0.0779, 41.355 0.0779, 41.355 0.0829, 41.385 0.0829, 41.385 0.0825, 41.415 0.0825, 41.415 0.0841)), ((41.335 0.1025, 41.355 0.1025, 41.355 0.103, 41.385 0.103, 41.385 0.1025, 41.415 0.1025, 41.415 0.1045, 41.445 0.1045, 41.445 0.1025, 41.465 0.1025, 41.465 0.0975, 41.445 0.0975, 41.445 0.0995, 41.415 0.0995, 41.415 0.0975, 41.385 0.0975, 41.385 0.098, 41.355 0.098, 41.355 0.0975, 41.335 0.0975, 41.335 0.1025)), ((41.3035 0.155, 41.3025 0.155, 41.3025 0.135, 41.2975 0.135, 41.2975 0.155, 41.2985 0.155, 41.2985 0.185, 41.2975 0.185, 41.2975 0.215, 41.3025 0.215, 41.3025 0.185, 41.3035 0.185, 41.3035 0.155)), ((41.2475 0.255, 41.2525 0.255, 41.2525 0.245, 41.255 0.245, 41.255 0.215, 41.2525 0.215, 41.2525 0.185, 41.253 0.185, 41.253 0.155, 41.2525 0.155, 41.2525 0.145, 41.2475 0.145, 41.2475 0.155, 41.248 0.155, 41.248 0.185, 41.2475 0.185, 41.2475 0.215, 41.25 0.215, 41.25 0.245, 41.2475 0.245, 41.2475 0.255)), ((41.2605 0.245, 41.2655 0.245, 41.2655 0.215, 41.2625 0.215, 41.2625 0.185, 41.2631 0.185, 41.2631 0.155, 41.2581 0.155, 41.2581 0.185, 41.2575 0.185, 41.2575 0.215, 41.2605 0.215, 41.2605 0.245)), ((41.271 0.245, 41.276 0.245, 41.276 0.215, 41.2725 0.215, 41.2725 0.185, 41.2732 0.185, 41.2732 0.155, 41.26820000000001 0.155, 41.26820000000001 0.185, 41.2675 0.185, 41.2675 0.215, 41.271 0.215, 41.271 0.245)), ((41.2865 0.245, 41.2865 0.215, 41.2825 0.215, 41.2825 0.185, 41.283300000000004 0.185, 41.283300000000004 0.155, 41.2783 0.155, 41.2783 0.185, 41.2775 0.185, 41.2775 0.215, 41.2815 0.215, 41.2815 0.245, 41.2865 0.245)), ((41.292 0.245, 41.297 0.245, 41.297 0.215, 41.2925 0.215, 41.2925 0.185, 41.2934 0.185, 41.2934 0.155, 41.2884 0.155, 41.2884 0.185, 41.2875 0.185, 41.2875 0.215, 41.292 0.215, 41.292 0.245)), ((41.351859000000005 0.163118, 41.351859000000005 0.177118, 41.35385900000001 0.177118, 41.358859 0.172118, 41.35985900000001 0.172118, 41.35985900000001 0.177118, 41.361859 0.177118, 41.361859 0.163118, 41.35985900000001 0.163118, 41.35985900000001 0.168118, 41.354859000000005 0.173118, 41.35385900000001 0.173118, 41.35385900000001 0.163118, 41.351859000000005 0.163118)), ((41.315859 0.163118, 41.315859 0.165118, 41.319859 0.165118, 41.319859 0.173118, 41.318859 0.173118, 41.316859 0.171118, 41.315859 0.171118, 41.315859 0.173118, 41.319859 0.177118, 41.321859 0.177118, 41.321859 0.165118, 41.325859 0.165118, 41.325859 0.163118, 41.315859 0.163118)), ((41.331859 0.172118, 41.333859000000004 0.172118, 41.333859000000004 0.168118, 41.331859 0.168118, 41.331859 0.172118)), ((41.335859000000006 0.163118, 41.329859000000006 0.163118, 41.327859000000004 0.165118, 41.327859000000004 0.175118, 41.329859000000006 0.177118, 41.335859000000006 0.177118, 41.337859 0.175118, 41.337859 0.165118, 41.335859000000006 0.163118), (41.335859000000006 0.166118, 41.335859000000006 0.174118, 41.334859 0.175118, 41.330859000000004 0.175118, 41.329859000000006 0.174118, 41.329859000000006 0.166118, 41.330859000000004 0.165118, 41.334859 0.165118, 41.335859000000006 0.166118)), ((41.343859 0.172118, 41.345859000000004 0.172118, 41.345859000000004 0.168118, 41.343859 0.168118, 41.343859 0.172118)), ((41.34185900000001 0.163118, 41.339859000000004 0.165118, 41.339859000000004 0.175118, 41.34185900000001 0.177118, 41.34785900000001 0.177118, 41.349859 0.175118, 41.349859 0.165118, 41.34785900000001 0.163118, 41.34185900000001 0.163118), (41.34785900000001 0.174118, 41.346859 0.175118, 41.342859000000004 0.175118, 41.34185900000001 0.174118, 41.34185900000001 0.166118, 41.342859000000004 0.165118, 41.346859 0.165118, 41.34785900000001 0.166118, 41.34785900000001 0.174118)), ((41.36585900000001 0.173118, 41.36585900000001 0.163118, 41.363859000000005 0.163118, 41.363859000000005 0.177118, 41.36585900000001 0.177118, 41.367859 0.175118, 41.369859000000005 0.175118, 41.371859 0.177118, 41.373859 0.177118, 41.373859 0.163118, 41.371859 0.163118, 41.371859 0.173118, 41.370859 0.173118, 41.368859 0.171118, 41.366859000000005 0.173118, 41.36585900000001 0.173118)), ((41.3025 0.245, 41.3075 0.245, 41.3075 0.215, 41.3025 0.215, 41.3025 0.245)), ((41.335859000000006 0.223524, 41.329859000000006 0.223524, 41.327859000000004 0.225524, 41.327859000000004 0.235524, 41.329859000000006 0.237524, 41.335859000000006 0.237524, 41.337859 0.235524, 41.337859 0.225524, 41.335859000000006 0.223524), (41.335859000000006 0.226524, 41.335859000000006 0.234524, 41.334859 0.235524, 41.330859000000004 0.235524, 41.329859000000006 0.234524, 41.329859000000006 0.226524, 41.330859000000004 0.225524, 41.334859 0.225524, 41.335859000000006 0.226524)), ((41.351859000000005 0.223524, 41.351859000000005 0.237524, 41.35385900000001 0.237524, 41.358859 0.232524, 41.35985900000001 0.232524, 41.35985900000001 0.237524, 41.361859 0.237524, 41.361859 0.223524, 41.35985900000001 0.223524, 41.35985900000001 0.228524, 41.354859000000005 0.233524, 41.35385900000001 0.233524, 41.35385900000001 0.223524, 41.351859000000005 0.223524)), ((41.331859 0.232524, 41.333859000000004 0.232524, 41.333859000000004 0.228524, 41.331859 0.228524, 41.331859 0.232524)), ((41.34785900000001 0.223524, 41.34185900000001 0.223524, 41.339859000000004 0.225524, 41.339859000000004 0.235524, 41.34185900000001 0.237524, 41.34785900000001 0.237524, 41.349859 0.235524, 41.349859 0.225524, 41.34785900000001 0.223524), (41.34785900000001 0.226524, 41.34785900000001 0.234524, 41.346859 0.235524, 41.342859000000004 0.235524, 41.34185900000001 0.234524, 41.34185900000001 0.226524, 41.342859000000004 0.225524, 41.346859 0.225524, 41.34785900000001 0.226524)), ((41.325859 0.235524, 41.317859000000006 0.235524, 41.317859000000006 0.232524, 41.323859000000006 0.232524, 41.325859 0.230524, 41.325859 0.225524, 41.323859000000006 0.223524, 41.317859000000006 0.223524, 41.315859 0.225524, 41.315859 0.227524, 41.317859000000006 0.227524, 41.317859000000006 0.226524, 41.318859 0.225524, 41.322859 0.225524, 41.323859000000006 0.226524, 41.323859000000006 0.229524, 41.322859 0.230524, 41.315859 0.230524, 41.315859 0.237524, 41.325859 0.237524, 41.325859 0.235524)), ((41.345859000000004 0.232524, 41.345859000000004 0.228524, 41.343859 0.228524, 41.343859 0.232524, 41.345859000000004 0.232524)), ((41.36585900000001 0.233524, 41.36585900000001 0.223524, 41.363859000000005 0.223524, 41.363859000000005 0.237524, 41.36585900000001 0.237524, 41.367859 0.235524, 41.369859000000005 0.235524, 41.371859 0.237524, 41.373859 0.237524, 41.373859 0.223524, 41.371859 0.223524, 41.371859 0.233524, 41.370859 0.233524, 41.368859 0.231524, 41.366859000000005 0.233524, 41.36585900000001 0.233524)), ((41.2975 0.265, 41.3025 0.265, 41.3025 0.245, 41.2975 0.245, 41.2975 0.265)), ((41.435 -0.115, 41.435 -0.125, 41.433 -0.127, 41.427 -0.127, 41.425 -0.125, 41.425 -0.115, 41.427 -0.113, 41.433 -0.113, 41.435 -0.115), (41.432 -0.115, 41.428 -0.115, 41.427 -0.116, 41.427 -0.124, 41.428 -0.125, 41.432 -0.125, 41.433 -0.124, 41.433 -0.116, 41.432 -0.115)), ((41.381 -0.115, 41.381 -0.125, 41.379 -0.127, 41.373 -0.127, 41.371 -0.125, 41.371 -0.115, 41.373 -0.113, 41.379 -0.113, 41.381 -0.115), (41.378 -0.115, 41.374 -0.115, 41.373 -0.116, 41.373 -0.124, 41.374 -0.125, 41.378 -0.125, 41.379 -0.124, 41.379 -0.116, 41.378 -0.115)), ((41.429 -0.118, 41.431 -0.118, 41.431 -0.122, 41.429 -0.122, 41.429 -0.118)), ((41.421 -0.113, 41.423 -0.115, 41.423 -0.12, 41.421 -0.122, 41.416 -0.122, 41.415 -0.123, 41.415 -0.125, 41.423 -0.125, 41.423 -0.127, 41.413 -0.127, 41.413 -0.122, 41.415 -0.12, 41.42 -0.12, 41.421 -0.119, 41.421 -0.116, 41.42 -0.115, 41.416 -0.115, 41.415 -0.116, 41.415 -0.117, 41.413 -0.117, 41.413 -0.115, 41.415 -0.113, 41.421 -0.113)), ((41.447 -0.115, 41.447 -0.125, 41.445 -0.127, 41.439 -0.127, 41.437 -0.125, 41.437 -0.115, 41.439 -0.113, 41.445 -0.113, 41.447 -0.115), (41.444 -0.115, 41.44 -0.115, 41.439 -0.116, 41.439 -0.124, 41.44 -0.125, 41.444 -0.125, 41.445 -0.124, 41.445 -0.116, 41.444 -0.115)), ((41.441 -0.118, 41.443 -0.118, 41.443 -0.122, 41.441 -0.122, 41.441 -0.118)), ((41.377 -0.118, 41.377 -0.122, 41.375 -0.122, 41.375 -0.118, 41.377 -0.118)), ((41.445 0.0077, 41.415 0.0077, 41.415 0.0075, 41.385 0.0075, 41.385 0.00755, 41.355 0.00755, 41.355 0.01255, 41.385 0.01255, 41.385 0.0125, 41.415 0.0125, 41.415 0.0127, 41.445 0.0127, 41.445 0.0077)), ((41.445 0.0179, 41.415 0.0179, 41.415 0.0175, 41.385 0.0175, 41.385 0.0176, 41.355 0.0176, 41.355 0.0226, 41.385 0.0226, 41.385 0.0225, 41.415 0.0225, 41.415 0.0229, 41.445 0.0229, 41.445 0.0179)), ((41.385 0.0377, 41.355 0.0377, 41.355 0.0427, 41.385 0.0427, 41.385 0.0425, 41.415 0.0425, 41.415 0.0433, 41.445 0.0433, 41.445 0.0383, 41.415 0.0383, 41.415 0.0375, 41.385 0.0375, 41.385 0.0377)), ((41.445 0.0689, 41.415 0.0689, 41.415 0.0675, 41.385 0.0675, 41.385 0.06785, 41.355 0.06785, 41.355 0.07285, 41.385 0.07285, 41.385 0.0725, 41.415 0.0725, 41.415 0.0739, 41.445 0.0739, 41.445 0.0689)), ((41.445 0.0893, 41.415 0.0893, 41.415 0.0875, 41.385 0.0875, 41.385 0.08795, 41.355 0.08795, 41.355 0.09295, 41.385 0.09295, 41.385 0.0925, 41.415 0.0925, 41.415 0.0943, 41.445 0.0943, 41.445 0.0893)), ((41.625162 0.0025, 41.625201000000004 0.0125, 41.62524 0.0225, 41.625279 0.0325, 41.625318 0.0425, 41.625357 0.0525, 41.625396 0.0625, 41.625434999999996 0.0725, 41.625474000000004 0.0825, 41.625513 0.0925, 41.625552000000006 0.1025, 41.625757 0.155, 41.625992 0.215, 41.626188 0.265, 41.626199 0.267835, 41.625136 0.268898, 42.171434999999995 0.268898, 42.171434999999995 -0.276338, 41.624074 -0.276338, 41.624196000000005 -0.245, 41.624430000000004 -0.185, 41.624625 -0.135, 41.62477200000001 -0.0975, 41.624811 -0.0875, 41.624849999999995 -0.0775, 41.624889 -0.0675, 41.624928 -0.0575, 41.624967000000005 -0.0475, 41.625006 -0.0375, 41.625045 -0.0275, 41.625084 -0.0175, 41.625123 -0.0075, 41.625162 0.0025), (41.715 -0.0875, 41.685 -0.0875, 41.685 -0.092, 41.685 -0.0925, 41.715 -0.0925, 41.715 -0.0884, 41.715 -0.0875), (41.715 -0.0775, 41.685 -0.0775, 41.685 -0.0815, 41.685 -0.0825, 41.715 -0.0825, 41.715 -0.0783, 41.715 -0.0775), (41.715 -0.0675, 41.685 -0.0675, 41.685 -0.071, 41.685 -0.0725, 41.715 -0.0725, 41.715 -0.0682, 41.715 -0.0675), (41.715 -0.0575, 41.685 -0.0575, 41.685 -0.0605, 41.685 -0.0625, 41.715 -0.0625, 41.715 -0.0581, 41.715 -0.0575), (41.715 -0.0475, 41.685 -0.0475, 41.685 -0.05, 41.685 -0.0525, 41.715 -0.0525, 41.715 -0.048, 41.715 -0.0475), (41.645 -0.0525, 41.655 -0.0525, 41.655 -0.05, 41.655 -0.0475, 41.645 -0.0475, 41.645 -0.0525), (41.715 -0.0379, 41.715 -0.0375, 41.685 -0.0375, 41.685 -0.0395, 41.685 -0.0425, 41.715 -0.0425, 41.715 -0.040808, 41.715 -0.0379), (41.715 -0.0275, 41.685 -0.0275, 41.685 -0.029, 41.685 -0.0325, 41.715 -0.0325, 41.715 -0.0278, 41.715 -0.0275), (41.715 -0.0175, 41.685 -0.0175, 41.685 -0.0185, 41.685 -0.0225, 41.715 -0.0225, 41.715 -0.0177, 41.715 -0.0175), (41.715 -0.0075, 41.685 -0.0075, 41.685 -0.008, 41.685 -0.0125, 41.715 -0.0125, 41.715 -0.0076, 41.715 -0.0075), (41.685 0.0025, 41.685 -0.0025, 41.715 -0.0025, 41.715 0.0025, 41.685 0.0025), (41.655 -0.0025, 41.655 0.0025, 41.635 0.0025, 41.635 -0.0025, 41.655 -0.0025), (41.715 0.0076, 41.715 0.0125, 41.685 0.0125, 41.685 0.008, 41.685 0.0075, 41.715 0.0075, 41.715 0.0076), (41.715 0.0177, 41.715 0.0225, 41.685 0.0225, 41.685 0.0185, 41.685 0.0175, 41.715 0.0175, 41.715 0.0177), (41.715 0.0278, 41.715 0.0325, 41.685 0.0325, 41.685 0.029, 41.685 0.0275, 41.715 0.0275, 41.715 0.0278), (41.715 0.0379, 41.715 0.0425, 41.685 0.0425, 41.685 0.0395, 41.685 0.0375, 41.715 0.0375, 41.715 0.0379), (41.715 0.048, 41.715 0.0525, 41.685 0.0525, 41.685 0.05, 41.685 0.0475, 41.715 0.0475, 41.715 0.048), (41.655 0.0475, 41.655 0.05, 41.655 0.0525, 41.645 0.0525, 41.645 0.0475, 41.655 0.0475), (41.715 0.0581, 41.715 0.058192, 41.715 0.0625, 41.685 0.0625, 41.685 0.0605, 41.685 0.0575, 41.715 0.0575, 41.715 0.0581), (41.715 0.0682, 41.715 0.0725, 41.685 0.0725, 41.685 0.071, 41.685 0.0675, 41.715 0.0675, 41.715 0.0682), (41.715 0.0825, 41.685 0.0825, 41.685 0.0815, 41.685 0.0775, 41.715 0.0775, 41.715 0.0783, 41.715 0.0825), (41.715 0.09, 41.715 0.0925, 41.685 0.0925, 41.685 0.092, 41.685 0.0875, 41.715 0.0875, 41.715 0.0884, 41.715 0.09), (41.8475 -0.185, 41.8475 -0.215, 41.8515 -0.215, 41.8525 -0.215, 41.8525 -0.185, 41.85225 -0.185, 41.8475 -0.185), (41.8515 -0.245, 41.8475 -0.245, 41.8475 -0.255, 41.8525 -0.255, 41.8525 -0.245, 41.8515 -0.245), (41.8075 -0.185, 41.8075 -0.215, 41.810700000000004 -0.215, 41.8125 -0.215, 41.8125 -0.185, 41.812050000000006 -0.185, 41.8075 -0.185), (41.8275 -0.185, 41.8275 -0.215, 41.8311 -0.215, 41.8325 -0.215, 41.8325 -0.185, 41.83215 -0.185, 41.8275 -0.185), (41.7975 -0.185, 41.7975 -0.215, 41.8005 -0.215, 41.8025 -0.215, 41.8025 -0.185, 41.802 -0.185, 41.7975 -0.185), (41.8005 -0.245, 41.7975 -0.245, 41.7975 -0.265, 41.8025 -0.265, 41.8025 -0.245, 41.8005 -0.245), (41.8375 -0.185, 41.8375 -0.215, 41.841300000000004 -0.215, 41.8425 -0.215, 41.8425 -0.185, 41.842200000000005 -0.185, 41.8375 -0.185), (41.8175 -0.185, 41.8175 -0.215, 41.8209 -0.215, 41.8225 -0.215, 41.8225 -0.185, 41.8221 -0.185, 41.8175 -0.185), (41.8475 -0.155, 41.85225 -0.155, 41.8525 -0.155, 41.8525 -0.145, 41.8475 -0.145, 41.8475 -0.155), (41.7975 -0.135, 41.7975 -0.155, 41.802 -0.155, 41.8025 -0.155, 41.8025 -0.145, 41.8025 -0.135, 41.7975 -0.135), (41.715 -0.1025, 41.715 -0.0985, 41.715 -0.0975, 41.685 -0.0975, 41.685 -0.1025, 41.715 -0.1025), (41.745 -0.0985, 41.745 -0.1025, 41.765 -0.1025, 41.765 -0.0975, 41.745 -0.0975, 41.745 -0.0985), (41.745 -0.048, 41.745 -0.0525, 41.755 -0.0525, 41.755 -0.0475, 41.745 -0.0475, 41.745 -0.048), (41.745 -0.0025, 41.765 -0.0025, 41.765 0.0025, 41.745 0.0025, 41.745 -0.0025), (41.745 0.0525, 41.745 0.048, 41.745 0.0475, 41.755 0.0475, 41.755 0.0525, 41.745 0.0525), (41.715 0.1025, 41.685 0.1025, 41.685 0.0975, 41.715 0.0975, 41.715 0.0985, 41.715 0.1025), (41.745 0.0985, 41.745 0.0975, 41.765 0.0975, 41.765 0.1025, 41.745 0.1025, 41.745 0.0985), (41.8275 0.185, 41.8318 0.185, 41.8325 0.185, 41.8325 0.215, 41.829 0.215, 41.8275 0.215, 41.8275 0.185), (41.8475 0.155, 41.8475 0.145, 41.8525 0.145, 41.8525 0.155, 41.852 0.155, 41.8475 0.155), (41.8475 0.185, 41.852 0.185, 41.8525 0.185, 41.8525 0.215, 41.85 0.215, 41.8475 0.215, 41.8475 0.185), (41.8175 0.185, 41.82170000000001 0.185, 41.8225 0.185, 41.8225 0.215, 41.8185 0.215, 41.8175 0.215, 41.8175 0.185), (41.8375 0.185, 41.8419 0.185, 41.8425 0.185, 41.8425 0.215, 41.8395 0.215, 41.8375 0.215, 41.8375 0.185), (41.7975 0.155, 41.7975 0.135, 41.8025 0.135, 41.8025 0.155, 41.8015 0.155, 41.7975 0.155), (41.8015 0.185, 41.8025 0.185, 41.8025 0.215, 41.7975 0.215, 41.7975 0.185, 41.8015 0.185), (41.8075 0.185, 41.8116 0.185, 41.8125 0.185, 41.8125 0.215, 41.808 0.215, 41.8075 0.215, 41.8075 0.185), (41.8605 0.215, 41.8575 0.215, 41.8575 0.185, 41.8621 0.185, 41.8625 0.185, 41.8625 0.215, 41.8605 0.215), (41.85 0.245, 41.8525 0.245, 41.8525 0.255, 41.8475 0.255, 41.8475 0.245, 41.85 0.245), (41.95870000000001 -0.215, 41.9625 -0.215, 41.9625 -0.185, 41.957800000000006 -0.185, 41.9575 -0.185, 41.9575 -0.215, 41.95870000000001 -0.215), (41.979099999999995 -0.215, 41.9825 -0.215, 41.9825 -0.185, 41.9779 -0.185, 41.9775 -0.185, 41.9775 -0.215, 41.979099999999995 -0.215), (41.8575 -0.215, 41.861700000000006 -0.215, 41.8625 -0.215, 41.8625 -0.185, 41.862300000000005 -0.185, 41.8575 -0.185, 41.8575 -0.215), (41.9485 -0.245, 41.9475 -0.245, 41.9475 -0.255, 41.9525 -0.255, 41.9525 -0.245, 41.9485 -0.245), (41.9485 -0.215, 41.9525 -0.215, 41.9525 -0.185, 41.94775 -0.185, 41.9475 -0.185, 41.9475 -0.215, 41.9485 -0.215), (41.938300000000005 -0.215, 41.9425 -0.215, 41.9425 -0.185, 41.93770000000001 -0.185, 41.9375 -0.185, 41.9375 -0.215, 41.938300000000005 -0.215), (41.968900000000005 -0.215, 41.9725 -0.215, 41.9725 -0.185, 41.96785 -0.185, 41.9675 -0.185, 41.9675 -0.215, 41.968900000000005 -0.215), (41.9281 -0.215, 41.9325 -0.215, 41.9325 -0.185, 41.92765 -0.185, 41.9275 -0.185, 41.9275 -0.215, 41.9281 -0.215), (41.9893 -0.215, 41.9925 -0.215, 41.9925 -0.185, 41.987950000000005 -0.185, 41.9875 -0.185, 41.9875 -0.215, 41.9893 -0.215), (41.8675 -0.215, 41.871900000000004 -0.215, 41.8725 -0.215, 41.8725 -0.185, 41.87235 -0.185, 41.8675 -0.185, 41.8675 -0.215), (41.9179 -0.215, 41.9225 -0.215, 41.9225 -0.185, 41.9176 -0.185, 41.9175 -0.185, 41.9175 -0.215, 41.9179 -0.215), (41.907700000000006 -0.215, 41.9125 -0.215, 41.9125 -0.185, 41.90755 -0.185, 41.9075 -0.185, 41.9075 -0.215, 41.907700000000006 -0.215), (41.8975 -0.265, 41.9025 -0.265, 41.9025 -0.245, 41.8975 -0.245, 41.8975 -0.265), (41.9025 -0.185, 41.8975 -0.185, 41.8975 -0.215, 41.9025 -0.215, 41.9025 -0.185), (41.8875 -0.215, 41.892300000000006 -0.215, 41.8925 -0.215, 41.8925 -0.185, 41.892450000000004 -0.185, 41.8875 -0.185, 41.8875 -0.215), (41.8775 -0.215, 41.8821 -0.215, 41.8825 -0.215, 41.8825 -0.185, 41.882400000000004 -0.185, 41.8775 -0.185, 41.8775 -0.215), (41.9525 -0.155, 41.9525 -0.145, 41.9475 -0.145, 41.9475 -0.155, 41.94775 -0.155, 41.9525 -0.155), (41.9025 -0.135, 41.8975 -0.135, 41.8975 -0.155, 41.9025 -0.155, 41.9025 -0.145, 41.9025 -0.135), (41.8025 0.265, 41.7975 0.265, 41.7975 0.245, 41.8025 0.245, 41.8025 0.255, 41.8025 0.265), (41.9025 0.265, 41.8975 0.265, 41.8975 0.245, 41.9025 0.245, 41.9025 0.255, 41.9025 0.265), (42.0025 0.245, 42.0025 0.265, 41.9975 0.265, 41.9975 0.245, 42.0025 0.245), (41.95 0.245, 41.9525 0.245, 41.9525 0.255, 41.9475 0.255, 41.9475 0.245, 41.95 0.245), (41.8675 0.215, 41.8675 0.185, 41.87220000000001 0.185, 41.8725 0.185, 41.8725 0.215, 41.871 0.215, 41.8675 0.215), (41.8775 0.215, 41.8775 0.185, 41.8823 0.185, 41.8825 0.185, 41.8825 0.215, 41.8815 0.215, 41.8775 0.215), (41.8875 0.185, 41.8924 0.185, 41.8925 0.185, 41.8925 0.215, 41.892 0.215, 41.8875 0.215, 41.8875 0.185), (41.9025 0.185, 41.9025 0.215, 41.8975 0.215, 41.8975 0.185, 41.9025 0.185), (41.9075 0.215, 41.9075 0.185, 41.907599999999995 0.185, 41.9125 0.185, 41.9125 0.215, 41.908 0.215, 41.9075 0.215), (41.9175 0.215, 41.9175 0.185, 41.9177 0.185, 41.9225 0.185, 41.9225 0.215, 41.9185 0.215, 41.9175 0.215), (41.9275 0.215, 41.9275 0.185, 41.927800000000005 0.185, 41.9325 0.185, 41.9325 0.215, 41.929 0.215, 41.9275 0.215), (41.9375 0.215, 41.9375 0.185, 41.9379 0.185, 41.9425 0.185, 41.9425 0.215, 41.9395 0.215, 41.9375 0.215), (41.9475 0.215, 41.9475 0.185, 41.948 0.185, 41.9525 0.185, 41.9525 0.215, 41.95 0.215, 41.9475 0.215), (41.9575 0.185, 41.9581 0.185, 41.9625 0.185, 41.9625 0.215, 41.9605 0.215, 41.9575 0.215, 41.9575 0.185), (41.9675 0.215, 41.9675 0.185, 41.9682 0.185, 41.9725 0.185, 41.9725 0.215, 41.971 0.215, 41.9675 0.215), (41.9775 0.215, 41.9775 0.185, 41.978300000000004 0.185, 41.9825 0.185, 41.9825 0.215, 41.9815 0.215, 41.9775 0.215), (41.9875 0.215, 41.9875 0.185, 41.9884 0.185, 41.9925 0.185, 41.9925 0.215, 41.992 0.215, 41.9875 0.215), (41.9985 0.185, 42.0025 0.185, 42.0025 0.215, 41.9975 0.215, 41.9975 0.185, 41.9985 0.185), (41.9025 0.135, 41.9025 0.155, 41.8975 0.155, 41.8975 0.135, 41.9025 0.135), (41.9475 0.155, 41.9475 0.145, 41.9525 0.145, 41.9525 0.155, 41.948 0.155, 41.9475 0.155), (41.9975 0.135, 42.0025 0.135, 42.0025 0.155, 41.9985 0.155, 41.9975 0.155, 41.9975 0.135), (41.655 0.0975, 41.655 0.1025, 41.635 0.1025, 41.635 0.0975, 41.655 0.0975), (42.055 0.0975, 42.055 0.098, 42.055 0.1025, 42.035 0.1025, 42.035 0.0975, 42.055 0.0975), (42.085 0.0975, 42.115 0.0975, 42.115 0.0995, 42.115 0.1025, 42.085 0.1025, 42.085 0.098, 42.085 0.0975), (42.145 0.0975, 42.165 0.0975, 42.165 0.1025, 42.145 0.1025, 42.145 0.0995, 42.145 0.0975), (42.085 0.0875, 42.115 0.0875, 42.115 0.0893, 42.115 0.0925, 42.085 0.0925, 42.085 0.08795, 42.085 0.0875), (41.903 -0.0075, 41.903 -0.003, 41.99 -0.003, 41.99 0.0025, 41.99 0.003, 41.903 0.003, 41.903 0.0125, 41.903 0.0225, 41.903 0.0325, 41.903 0.059192, 41.903 0.0625, 41.903 0.0725, 41.903 0.0825, 41.903 0.09, 41.897 0.09, 41.897 0.003, 41.81 0.003, 41.81 -0.003, 41.897 -0.003, 41.897 -0.09, 41.903 -0.09, 41.903 -0.0875, 41.903 -0.0775, 41.903 -0.0675, 41.903 -0.040808, 41.903 -0.0375, 41.903 -0.0275, 41.903 -0.0175, 41.903 -0.0075), (42.085 0.0775, 42.115 0.0775, 42.115 0.0791, 42.115 0.0825, 42.085 0.0825, 42.085 0.0779, 42.085 0.0775), (42.085 0.0675, 42.115 0.0675, 42.115 0.0689, 42.115 0.0725, 42.085 0.0725, 42.085 0.06785, 42.085 0.0675), (42.085 0.0575, 42.115 0.0575, 42.115 0.0587, 42.115 0.0625, 42.085 0.0625, 42.085 0.0578, 42.085 0.0575), (41.94505 0.040808, 41.946742 0.0425, 41.956742 0.0525, 41.959192 0.05495, 41.954950000000004 0.059192, 41.940808 0.04505, 41.94505 0.040808), (42.085 0.0375, 42.115 0.0375, 42.115 0.0383, 42.115 0.0425, 42.085 0.0425, 42.085 0.0377, 42.085 0.0375), (42.055 0.0475, 42.055 0.04775, 42.055 0.0525, 42.045 0.0525, 42.045 0.0475, 42.055 0.0475), (42.085 0.0475, 42.115 0.0475, 42.115 0.0485, 42.115 0.0525, 42.085 0.0525, 42.085 0.04775, 42.085 0.0475), (42.145 0.0475, 42.155 0.0475, 42.155 0.0525, 42.145 0.0525, 42.145 0.0485, 42.145 0.0475), (42.085 0.0275, 42.115 0.0275, 42.115 0.0281, 42.115 0.0325, 42.085 0.0325, 42.085 0.02765, 42.085 0.0275), (42.085 0.0175, 42.115 0.0175, 42.115 0.0179, 42.115 0.0225, 42.085 0.0225, 42.085 0.0176, 42.085 0.0175), (42.085 0.0075, 42.115 0.0075, 42.115 0.0077, 42.115 0.0125, 42.085 0.0125, 42.085 0.00755, 42.085 0.0075), (42.055 -0.0025, 42.055 0.0025, 42.035 0.0025, 42.035 -0.0025, 42.055 -0.0025), (42.115 -0.0025, 42.115 0.0025, 42.085 0.0025, 42.085 -0.0025, 42.115 -0.0025), (42.165 -0.0025, 42.165 0.0025, 42.145 0.0025, 42.145 -0.0025, 42.165 -0.0025), (42.085 -0.0125, 42.115 -0.0125, 42.115 -0.0077, 42.115 -0.0075, 42.085 -0.0075, 42.085 -0.00755, 42.085 -0.0125), (42.085 -0.0225, 42.115 -0.0225, 42.115 -0.0179, 42.115 -0.0175, 42.085 -0.0175, 42.085 -0.0176, 42.085 -0.0225), (42.085 -0.0325, 42.115 -0.0325, 42.115 -0.0281, 42.115 -0.0275, 42.085 -0.0275, 42.085 -0.02765, 42.085 -0.0325), (42.085 -0.0425, 42.115 -0.0425, 42.115 -0.0383, 42.115 -0.0375, 42.085 -0.0375, 42.085 -0.0377, 42.085 -0.0425), (41.954950000000004 -0.059192, 41.956642 -0.0575, 41.959192 -0.05495, 41.951741999999996 -0.0475, 41.94505 -0.040808, 41.940808 -0.04505, 41.954950000000004 -0.059192), (42.085 -0.0625, 42.115 -0.0625, 42.115 -0.0587, 42.115 -0.0575, 42.085 -0.0575, 42.085 -0.0578, 42.085 -0.0625), (42.055 -0.0525, 42.055 -0.04775, 42.055 -0.0475, 42.045 -0.0475, 42.045 -0.0525, 42.055 -0.0525), (42.085 -0.0525, 42.115 -0.0525, 42.115 -0.0485, 42.115 -0.0475, 42.085 -0.0475, 42.085 -0.04775, 42.085 -0.0525), (42.145 -0.0525, 42.155 -0.0525, 42.155 -0.0475, 42.145 -0.0475, 42.145 -0.0485, 42.145 -0.0525), (42.085 -0.0725, 42.115 -0.0725, 42.115 -0.0689, 42.115 -0.0675, 42.085 -0.0675, 42.085 -0.06785, 42.085 -0.0725), (42.085 -0.0825, 42.115 -0.0825, 42.115 -0.0791, 42.115 -0.0775, 42.085 -0.0775, 42.085 -0.0779, 42.085 -0.0825), (42.085 -0.0925, 42.115 -0.0925, 42.115 -0.0893, 42.115 -0.0875, 42.085 -0.0875, 42.085 -0.08795, 42.085 -0.0925), (41.85595000000001 0.039808, 41.860192000000005 0.04405, 41.846050000000005 0.058192, 41.841808 0.05395, 41.85595000000001 0.039808), (41.84505 -0.059192, 41.859192 -0.04505, 41.85495 -0.040808, 41.840807999999996 -0.05495, 41.84505 -0.059192), (41.655 -0.1025, 41.655 -0.0975, 41.635 -0.0975, 41.635 -0.1025, 41.655 -0.1025), (42.055 -0.1025, 42.055 -0.098, 42.055 -0.0975, 42.035 -0.0975, 42.035 -0.1025, 42.055 -0.1025), (42.085 -0.1025, 42.115 -0.1025, 42.115 -0.0995, 42.115 -0.0975, 42.085 -0.0975, 42.085 -0.098, 42.085 -0.1025), (42.145 -0.1025, 42.165 -0.1025, 42.165 -0.0975, 42.145 -0.0975, 42.145 -0.0995, 42.145 -0.1025), (41.998 -0.155, 42.0025 -0.155, 42.0025 -0.135, 41.9975 -0.135, 41.9975 -0.155, 41.998 -0.155), (41.9975 -0.215, 41.9995 -0.215, 42.0025 -0.215, 42.0025 -0.185, 41.998 -0.185, 41.9975 -0.185, 41.9975 -0.215), (41.9975 -0.265, 42.0025 -0.265, 42.0025 -0.245, 41.9995 -0.245, 41.9975 -0.245, 41.9975 -0.265)), ((42.363 -0.115, 42.355 -0.115, 42.355 -0.118, 42.361 -0.118, 42.363 -0.12, 42.363 -0.125, 42.361 -0.127, 42.355 -0.127, 42.353 -0.125, 42.353 -0.123, 42.355 -0.123, 42.355 -0.124, 42.356 -0.125, 42.36 -0.125, 42.361 -0.124, 42.361 -0.121, 42.36 -0.12, 42.353 -0.12, 42.353 -0.113, 42.363 -0.113, 42.363 -0.115)), ((42.335 -0.0975, 42.355 -0.0975, 42.355 -0.1025, 42.335 -0.1025, 42.335 -0.0975)), ((42.385 -0.0475, 42.415 -0.0475, 42.415 -0.048, 42.445 -0.048, 42.445 -0.0475, 42.455 -0.0475, 42.455 -0.0525, 42.445 -0.0525, 42.445 -0.053, 42.415 -0.053, 42.415 -0.0525, 42.385 -0.0525, 42.385 -0.055, 42.355 -0.055, 42.355 -0.0525, 42.345 -0.0525, 42.345 -0.0475, 42.355 -0.0475, 42.355 -0.05, 42.385 -0.05, 42.385 -0.0475)), ((42.445 0.0025, 42.465 0.0025, 42.465 -0.0025, 42.445 -0.0025, 42.415 -0.0025, 42.385 -0.0025, 42.355 -0.0025, 42.335 -0.0025, 42.335 0.0025, 42.355 0.0025, 42.385 0.0025, 42.415 0.0025, 42.445 0.0025)), ((42.345 0.0525, 42.355 0.0525, 42.355 0.055, 42.385 0.055, 42.385 0.0525, 42.415 0.0525, 42.415 0.053, 42.445 0.053, 42.445 0.0525, 42.455 0.0525, 42.455 0.0475, 42.445 0.0475, 42.445 0.048, 42.415 0.048, 42.415 0.0475, 42.385 0.0475, 42.385 0.05, 42.355 0.05, 42.355 0.0475, 42.345 0.0475, 42.345 0.0525)), ((42.335 0.1025, 42.355 0.1025, 42.355 0.0975, 42.335 0.0975, 42.335 0.1025)), ((42.434141000000004 -0.223524, 42.436141000000006 -0.225524, 42.436141000000006 -0.230524, 42.434141000000004 -0.232524, 42.429141 -0.232524, 42.428141000000004 -0.233524, 42.428141000000004 -0.235524, 42.436141000000006 -0.235524, 42.436141000000006 -0.237524, 42.426141 -0.237524, 42.426141 -0.232524, 42.428141000000004 -0.230524, 42.433141000000006 -0.230524, 42.434141000000004 -0.229524, 42.434141000000004 -0.226524, 42.433141000000006 -0.225524, 42.429141 -0.225524, 42.428141000000004 -0.226524, 42.428141000000004 -0.227524, 42.426141 -0.227524, 42.426141 -0.225524, 42.428141000000004 -0.223524, 42.434141000000004 -0.223524)), ((42.44814100000001 -0.225524, 42.44814100000001 -0.235524, 42.446141000000004 -0.237524, 42.440141000000004 -0.237524, 42.438141 -0.235524, 42.438141 -0.225524, 42.440141000000004 -0.223524, 42.446141000000004 -0.223524, 42.44814100000001 -0.225524), (42.440141000000004 -0.226524, 42.440141000000004 -0.234524, 42.441141 -0.235524, 42.44514100000001 -0.235524, 42.446141000000004 -0.234524, 42.446141000000004 -0.226524, 42.44514100000001 -0.225524, 42.441141 -0.225524, 42.440141000000004 -0.226524)), ((42.454141 -0.228524, 42.456141 -0.228524, 42.456141 -0.232524, 42.454141 -0.232524, 42.454141 -0.228524)), ((42.460141 -0.225524, 42.460141 -0.235524, 42.458141000000005 -0.237524, 42.452141000000005 -0.237524, 42.450141 -0.235524, 42.450141 -0.225524, 42.452141000000005 -0.223524, 42.458141000000005 -0.223524, 42.460141 -0.225524), (42.452141000000005 -0.226524, 42.452141000000005 -0.234524, 42.453141 -0.235524, 42.457141 -0.235524, 42.458141000000005 -0.234524, 42.458141000000005 -0.226524, 42.457141 -0.225524, 42.453141 -0.225524, 42.452141000000005 -0.226524)), ((42.44214100000001 -0.228524, 42.444141 -0.228524, 42.444141 -0.232524, 42.44214100000001 -0.232524, 42.44214100000001 -0.228524)), ((42.460141 -0.165118, 42.460141 -0.175118, 42.458141000000005 -0.177118, 42.452141000000005 -0.177118, 42.450141 -0.175118, 42.450141 -0.165118, 42.452141000000005 -0.163118, 42.458141000000005 -0.163118, 42.460141 -0.165118), (42.452141000000005 -0.166118, 42.452141000000005 -0.174118, 42.453141 -0.175118, 42.457141 -0.175118, 42.458141000000005 -0.174118, 42.458141000000005 -0.166118, 42.457141 -0.165118, 42.453141 -0.165118, 42.452141000000005 -0.166118)), ((42.44814100000001 -0.165118, 42.440141000000004 -0.165118, 42.440141000000004 -0.168118, 42.446141000000004 -0.168118, 42.44814100000001 -0.170118, 42.44814100000001 -0.175118, 42.446141000000004 -0.177118, 42.440141000000004 -0.177118, 42.438141 -0.175118, 42.438141 -0.173118, 42.440141000000004 -0.173118, 42.440141000000004 -0.174118, 42.441141 -0.175118, 42.44514100000001 -0.175118, 42.446141000000004 -0.174118, 42.446141000000004 -0.171118, 42.44514100000001 -0.170118, 42.438141 -0.170118, 42.438141 -0.163118, 42.44814100000001 -0.163118, 42.44814100000001 -0.165118)), ((42.456141 -0.168118, 42.456141 -0.172118, 42.454141 -0.172118, 42.454141 -0.168118, 42.456141 -0.168118)), ((42.413 -0.127, 42.413 -0.125, 42.417 -0.125, 42.417 -0.117, 42.416 -0.117, 42.414 -0.119, 42.413 -0.119, 42.413 -0.117, 42.417 -0.113, 42.419 -0.113, 42.419 -0.125, 42.423 -0.125, 42.423 -0.127, 42.413 -0.127)), ((42.441 -0.118, 42.443 -0.118, 42.443 -0.122, 42.441 -0.122, 42.441 -0.118)), ((42.435 -0.115, 42.435 -0.125, 42.433 -0.127, 42.427 -0.127, 42.425 -0.125, 42.425 -0.115, 42.427 -0.113, 42.433 -0.113, 42.435 -0.115), (42.428 -0.125, 42.432 -0.125, 42.433 -0.124, 42.433 -0.116, 42.432 -0.115, 42.428 -0.115, 42.427 -0.116, 42.427 -0.124, 42.428 -0.125)), ((42.381 -0.118, 42.383 -0.118, 42.383 -0.122, 42.381 -0.122, 42.381 -0.118)), ((42.429 -0.118, 42.431 -0.118, 42.431 -0.122, 42.429 -0.122, 42.429 -0.118)), ((42.375 -0.115, 42.375 -0.125, 42.373 -0.127, 42.367 -0.127, 42.365 -0.125, 42.365 -0.115, 42.367 -0.113, 42.373 -0.113, 42.375 -0.115), (42.368 -0.125, 42.372 -0.125, 42.373 -0.124, 42.373 -0.116, 42.372 -0.115, 42.368 -0.115, 42.367 -0.116, 42.367 -0.124, 42.368 -0.125)), ((42.369 -0.118, 42.371 -0.118, 42.371 -0.122, 42.369 -0.122, 42.369 -0.118)), ((42.387 -0.115, 42.387 -0.125, 42.385 -0.127, 42.379 -0.127, 42.377 -0.125, 42.377 -0.115, 42.379 -0.113, 42.385 -0.113, 42.387 -0.115), (42.38 -0.125, 42.384 -0.125, 42.385 -0.124, 42.385 -0.116, 42.384 -0.115, 42.38 -0.115, 42.379 -0.116, 42.379 -0.124, 42.38 -0.125)), ((42.447 -0.115, 42.447 -0.125, 42.445 -0.127, 42.439 -0.127, 42.437 -0.125, 42.437 -0.115, 42.439 -0.113, 42.445 -0.113, 42.447 -0.115), (42.44 -0.125, 42.444 -0.125, 42.445 -0.124, 42.445 -0.116, 42.444 -0.115, 42.44 -0.115, 42.439 -0.116, 42.439 -0.124, 42.44 -0.125)), ((42.355 -0.1025, 42.385 -0.1025, 42.385 -0.1075, 42.355 -0.1075, 42.355 -0.1025)), ((42.415 -0.1025, 42.385 -0.1025, 42.385 -0.0975, 42.415 -0.0975, 42.415 -0.0985, 42.445 -0.0985, 42.445 -0.0975, 42.465 -0.0975, 42.465 -0.1025, 42.445 -0.1025, 42.445 -0.1035, 42.415 -0.1035, 42.415 -0.1025)), ((42.415 -0.0925, 42.385 -0.0925, 42.385 -0.097, 42.355 -0.097, 42.355 -0.092, 42.385 -0.092, 42.385 -0.0875, 42.415 -0.0875, 42.415 -0.0884, 42.445 -0.0884, 42.445 -0.0934, 42.415 -0.0934, 42.415 -0.0925)), ((42.415 -0.0825, 42.385 -0.0825, 42.385 -0.0865, 42.355 -0.0865, 42.355 -0.0815, 42.385 -0.0815, 42.385 -0.0775, 42.415 -0.0775, 42.415 -0.0783, 42.445 -0.0783, 42.445 -0.0833, 42.415 -0.0833, 42.415 -0.0825)), ((42.415 -0.0725, 42.385 -0.0725, 42.385 -0.076, 42.355 -0.076, 42.355 -0.071, 42.385 -0.071, 42.385 -0.0675, 42.415 -0.0675, 42.415 -0.0682, 42.445 -0.0682, 42.445 -0.0732, 42.415 -0.0732, 42.415 -0.0725)), ((42.415 -0.0625, 42.385 -0.0625, 42.385 -0.0655, 42.355 -0.0655, 42.355 -0.0605, 42.385 -0.0605, 42.385 -0.0575, 42.415 -0.0575, 42.415 -0.0581, 42.445 -0.0581, 42.445 -0.0631, 42.415 -0.0631, 42.415 -0.0625)), ((42.415 -0.0425, 42.385 -0.0425, 42.385 -0.0445, 42.355 -0.0445, 42.355 -0.0395, 42.385 -0.0395, 42.385 -0.0375, 42.415 -0.0375, 42.415 -0.0379, 42.445 -0.0379, 42.445 -0.0429, 42.415 -0.0429, 42.415 -0.0425)), ((42.445 -0.0278, 42.445 -0.0328, 42.415 -0.0328, 42.415 -0.0325, 42.385 -0.0325, 42.385 -0.034, 42.355 -0.034, 42.355 -0.029, 42.385 -0.029, 42.385 -0.0275, 42.415 -0.0275, 42.415 -0.0278, 42.445 -0.0278)), ((42.415 -0.0225, 42.385 -0.0225, 42.385 -0.0235, 42.355 -0.0235, 42.355 -0.0185, 42.385 -0.0185, 42.385 -0.0175, 42.415 -0.0175, 42.415 -0.0177, 42.445 -0.0177, 42.445 -0.0227, 42.415 -0.0227, 42.415 -0.0225)), ((42.415 -0.0125, 42.385 -0.0125, 42.385 -0.013, 42.355 -0.013, 42.355 -0.008, 42.385 -0.008, 42.385 -0.0075, 42.415 -0.0075, 42.415 -0.0076, 42.445 -0.0076, 42.445 -0.0126, 42.415 -0.0126, 42.415 -0.0125)), ((42.445 0.0076, 42.415 0.0076, 42.415 0.0075, 42.385 0.0075, 42.385 0.008, 42.355 0.008, 42.355 0.013, 42.385 0.013, 42.385 0.0125, 42.415 0.0125, 42.415 0.0126, 42.445 0.0126, 42.445 0.0076)), ((42.385 0.0225, 42.415 0.0225, 42.415 0.0227, 42.445 0.0227, 42.445 0.0177, 42.415 0.0177, 42.415 0.0175, 42.385 0.0175, 42.385 0.0185, 42.355 0.0185, 42.355 0.0235, 42.385 0.0235, 42.385 0.0225)), ((42.445 0.0278, 42.415 0.0278, 42.415 0.0275, 42.385 0.0275, 42.385 0.029, 42.355 0.029, 42.355 0.034, 42.385 0.034, 42.385 0.0325, 42.415 0.0325, 42.415 0.0328, 42.445 0.0328, 42.445 0.0278)), ((42.445 0.0379, 42.415 0.0379, 42.415 0.0375, 42.385 0.0375, 42.385 0.0395, 42.355 0.0395, 42.355 0.0445, 42.385 0.0445, 42.385 0.0425, 42.415 0.0425, 42.415 0.0429, 42.445 0.0429, 42.445 0.0379)), ((42.445 0.0581, 42.415 0.0581, 42.415 0.0575, 42.385 0.0575, 42.385 0.0605, 42.355 0.0605, 42.355 0.0655, 42.385 0.0655, 42.385 0.0625, 42.415 0.0625, 42.415 0.0631, 42.445 0.0631, 42.445 0.0581)), ((42.385 0.0725, 42.415 0.0725, 42.415 0.0732, 42.445 0.0732, 42.445 0.0682, 42.415 0.0682, 42.415 0.0675, 42.385 0.0675, 42.385 0.071, 42.355 0.071, 42.355 0.076, 42.385 0.076, 42.385 0.0725)), ((42.445 0.0783, 42.415 0.0783, 42.415 0.0775, 42.385 0.0775, 42.385 0.0815, 42.355 0.0815, 42.355 0.0865, 42.385 0.0865, 42.385 0.0825, 42.415 0.0825, 42.415 0.0833, 42.445 0.0833, 42.445 0.0783)), ((42.385 0.0925, 42.415 0.0925, 42.415 0.0934, 42.445 0.0934, 42.445 0.0884, 42.415 0.0884, 42.415 0.0875, 42.385 0.0875, 42.385 0.092, 42.355 0.092, 42.355 0.097, 42.385 0.097, 42.385 0.0925)), ((42.385 0.1025, 42.415 0.1025, 42.415 0.1035, 42.445 0.1035, 42.445 0.1025, 42.465 0.1025, 42.465 0.0975, 42.445 0.0975, 42.445 0.0985, 42.415 0.0985, 42.415 0.0975, 42.385 0.0975, 42.385 0.1025)), ((42.355 0.1075, 42.385 0.1075, 42.385 0.1025, 42.355 0.1025, 42.355 0.1075)), ((42.5975 -0.135, 42.6025 -0.135, 42.6025 -0.155, 42.6025 -0.185, 42.6025 -0.215, 42.6025 -0.245, 42.6025 -0.265, 42.5975 -0.265, 42.5975 -0.245, 42.5975 -0.215, 42.5975 -0.185, 42.5975 -0.155, 42.5975 -0.135)), ((42.4975 -0.135, 42.5025 -0.135, 42.5025 -0.155, 42.502 -0.155, 42.502 -0.185, 42.5025 -0.185, 42.5025 -0.215, 42.5005 -0.215, 42.5005 -0.245, 42.5025 -0.245, 42.5025 -0.265, 42.4975 -0.265, 42.4975 -0.245, 42.4955 -0.245, 42.4955 -0.215, 42.4975 -0.215, 42.4975 -0.185, 42.497 -0.185, 42.497 -0.155, 42.4975 -0.155, 42.4975 -0.135)), ((42.5475 -0.145, 42.5525 -0.145, 42.5525 -0.155, 42.55225 -0.155, 42.55225 -0.185, 42.5525 -0.185, 42.5525 -0.215, 42.5515 -0.215, 42.5515 -0.245, 42.5525 -0.245, 42.5525 -0.255, 42.5475 -0.255, 42.5475 -0.245, 42.5465 -0.245, 42.5465 -0.215, 42.5475 -0.215, 42.5475 -0.185, 42.54725 -0.185, 42.54725 -0.155, 42.5475 -0.155, 42.5475 -0.145)), ((42.476141000000005 -0.237524, 42.474141 -0.237524, 42.474141 -0.223524, 42.476141000000005 -0.223524, 42.478141 -0.225524, 42.480141 -0.225524, 42.482141000000006 -0.223524, 42.484141 -0.223524, 42.484141 -0.237524, 42.482141000000006 -0.237524, 42.482141000000006 -0.227524, 42.481141 -0.227524, 42.479141000000006 -0.229524, 42.477141 -0.227524, 42.476141000000005 -0.227524, 42.476141000000005 -0.237524)), ((42.462141 -0.223524, 42.464141000000005 -0.223524, 42.469141 -0.228524, 42.470141000000005 -0.228524, 42.470141000000005 -0.223524, 42.472141 -0.223524, 42.472141 -0.237524, 42.470141000000005 -0.237524, 42.470141000000005 -0.232524, 42.465141 -0.227524, 42.464141000000005 -0.227524, 42.464141000000005 -0.237524, 42.462141 -0.237524, 42.462141 -0.223524)), ((42.5171 -0.155, 42.5221 -0.155, 42.5221 -0.185, 42.5225 -0.185, 42.5225 -0.215, 42.520900000000005 -0.215, 42.520900000000005 -0.245, 42.5159 -0.245, 42.5159 -0.215, 42.5175 -0.215, 42.5175 -0.185, 42.5171 -0.185, 42.5171 -0.155)), ((42.587450000000004 -0.155, 42.59245000000001 -0.155, 42.59245000000001 -0.185, 42.5925 -0.185, 42.5925 -0.215, 42.5923 -0.215, 42.5923 -0.245, 42.587300000000006 -0.245, 42.587300000000006 -0.215, 42.5875 -0.215, 42.5875 -0.185, 42.587450000000004 -0.185, 42.587450000000004 -0.155)), ((42.577400000000004 -0.155, 42.5824 -0.155, 42.5824 -0.185, 42.5825 -0.185, 42.5825 -0.215, 42.5821 -0.215, 42.5821 -0.245, 42.5771 -0.245, 42.5771 -0.215, 42.5775 -0.215, 42.5775 -0.185, 42.577400000000004 -0.185, 42.577400000000004 -0.155)), ((42.5725 -0.215, 42.5719 -0.215, 42.5719 -0.245, 42.566900000000004 -0.245, 42.566900000000004 -0.215, 42.5675 -0.215, 42.5675 -0.185, 42.56735 -0.185, 42.56735 -0.155, 42.57235 -0.155, 42.57235 -0.185, 42.5725 -0.185, 42.5725 -0.215)), ((42.5325 -0.215, 42.531099999999995 -0.215, 42.531099999999995 -0.245, 42.5261 -0.245, 42.5261 -0.215, 42.5275 -0.215, 42.5275 -0.185, 42.52715 -0.185, 42.52715 -0.155, 42.53215 -0.155, 42.53215 -0.185, 42.5325 -0.185, 42.5325 -0.215)), ((42.5425 -0.215, 42.5413 -0.215, 42.5413 -0.245, 42.536300000000004 -0.245, 42.536300000000004 -0.215, 42.5375 -0.215, 42.5375 -0.185, 42.537200000000006 -0.185, 42.537200000000006 -0.155, 42.5422 -0.155, 42.5422 -0.185, 42.5425 -0.185, 42.5425 -0.215)), ((42.5625 -0.215, 42.5617 -0.215, 42.5617 -0.245, 42.556700000000006 -0.245, 42.556700000000006 -0.215, 42.5575 -0.215, 42.5575 -0.185, 42.557300000000005 -0.185, 42.557300000000005 -0.155, 42.5623 -0.155, 42.5623 -0.185, 42.5625 -0.185, 42.5625 -0.215)), ((42.5125 -0.215, 42.51070000000001 -0.215, 42.51070000000001 -0.245, 42.505700000000004 -0.245, 42.505700000000004 -0.215, 42.5075 -0.215, 42.5075 -0.185, 42.50705 -0.185, 42.50705 -0.155, 42.51205 -0.155, 42.51205 -0.185, 42.5125 -0.185, 42.5125 -0.215)), ((42.462141 -0.177118, 42.462141 -0.163118, 42.464141000000005 -0.163118, 42.469141 -0.168118, 42.470141000000005 -0.168118, 42.470141000000005 -0.163118, 42.472141 -0.163118, 42.472141 -0.177118, 42.470141000000005 -0.177118, 42.470141000000005 -0.172118, 42.465141 -0.167118, 42.464141000000005 -0.167118, 42.464141000000005 -0.177118, 42.462141 -0.177118)), ((42.476141000000005 -0.167118, 42.476141000000005 -0.177118, 42.474141 -0.177118, 42.474141 -0.163118, 42.476141000000005 -0.163118, 42.478141 -0.165118, 42.480141 -0.165118, 42.482141000000006 -0.163118, 42.484141 -0.163118, 42.484141 -0.177118, 42.482141000000006 -0.177118, 42.482141000000006 -0.167118, 42.481141 -0.167118, 42.479141000000006 -0.169118, 42.477141 -0.167118, 42.476141000000005 -0.167118)), ((42.580999000000006 -0.0525, 42.595999000000006 -0.0525, 42.595999000000006 -0.0675, 42.580999000000006 -0.0675, 42.580999000000006 -0.0525)), ((42.547525 -0.058132, 42.558132 -0.047525, 42.568737999999996 -0.058132, 42.558132 -0.068738, 42.547525 -0.058132)), ((42.540808 -0.05495, 42.554950000000005 -0.040808, 42.559192 -0.04505, 42.54505 -0.059192, 42.540808 -0.05495)), ((42.531262000000005 -0.041868, 42.541868 -0.031262, 42.552475 -0.041868, 42.541868 -0.052475, 42.531262000000005 -0.041868)), ((42.587989 -0.02, 42.587989 -0.038, 42.561989000000004 -0.038, 42.561989000000004 -0.012, 42.580009 -0.012, 42.580009 -0.004, 42.596008999999995 -0.004, 42.596008999999995 -0.02, 42.587989 -0.02)), ((42.532499 -0.004, 42.547499 -0.004, 42.547499 -0.019, 42.532499 -0.019, 42.532499 -0.004)), ((42.532499 0.019, 42.547499 0.019, 42.547499 0.004, 42.532499 0.004, 42.532499 0.019)), ((42.588009 0.02, 42.596008999999995 0.02, 42.596008999999995 0.004, 42.580009 0.004, 42.580009 0.012, 42.562008999999996 0.012, 42.562008999999996 0.038, 42.588009 0.038, 42.588009 0.02)), ((42.542868000000006 0.051475, 42.553475 0.040868, 42.542868000000006 0.030262, 42.532262 0.040868, 42.542868000000006 0.051475)), ((42.541807999999996 0.05395, 42.54605 0.058192, 42.560192 0.04405, 42.55595 0.039808, 42.541807999999996 0.05395)), ((42.548525 0.057132, 42.559132 0.067738, 42.569738 0.057132, 42.559132 0.046525, 42.548525 0.057132)), ((42.580999000000006 0.0675, 42.595999000000006 0.0675, 42.595999000000006 0.0525, 42.580999000000006 0.0525, 42.580999000000006 0.0675)), ((42.5015 0.155, 42.5025 0.155, 42.5025 0.135, 42.4975 0.135, 42.4975 0.155, 42.4965 0.155, 42.4965 0.185, 42.4975 0.185, 42.4975 0.215, 42.5025 0.215, 42.5025 0.185, 42.5015 0.185, 42.5015 0.155)), ((42.5475 0.255, 42.5525 0.255, 42.5525 0.245, 42.55 0.245, 42.55 0.215, 42.5525 0.215, 42.5525 0.185, 42.552 0.185, 42.552 0.155, 42.5525 0.155, 42.5525 0.145, 42.5475 0.145, 42.5475 0.155, 42.547 0.155, 42.547 0.185, 42.5475 0.185, 42.5475 0.215, 42.545 0.215, 42.545 0.245, 42.5475 0.245, 42.5475 0.255)), ((42.5765 0.245, 42.5815 0.245, 42.5815 0.215, 42.5825 0.215, 42.5825 0.185, 42.582300000000004 0.185, 42.582300000000004 0.155, 42.5773 0.155, 42.5773 0.185, 42.5775 0.185, 42.5775 0.215, 42.5765 0.215, 42.5765 0.245)), ((42.5425 0.185, 42.5419 0.185, 42.5419 0.155, 42.5369 0.155, 42.5369 0.185, 42.5375 0.185, 42.5375 0.215, 42.5345 0.215, 42.5345 0.245, 42.5395 0.245, 42.5395 0.215, 42.5425 0.215, 42.5425 0.185)), ((42.524 0.245, 42.529 0.245, 42.529 0.215, 42.5325 0.215, 42.5325 0.185, 42.531800000000004 0.185, 42.531800000000004 0.155, 42.5268 0.155, 42.5268 0.185, 42.5275 0.185, 42.5275 0.215, 42.524 0.215, 42.524 0.245)), ((42.5625 0.185, 42.5621 0.185, 42.5621 0.155, 42.5571 0.155, 42.5571 0.185, 42.5575 0.185, 42.5575 0.215, 42.5555 0.215, 42.5555 0.245, 42.5605 0.245, 42.5605 0.215, 42.5625 0.215, 42.5625 0.185)), ((42.5185 0.245, 42.5185 0.215, 42.5225 0.215, 42.5225 0.185, 42.5217 0.185, 42.5217 0.155, 42.51670000000001 0.155, 42.51670000000001 0.185, 42.5175 0.185, 42.5175 0.215, 42.5135 0.215, 42.5135 0.245, 42.5185 0.245)), ((42.5125 0.185, 42.5116 0.185, 42.5116 0.155, 42.5066 0.155, 42.5066 0.185, 42.5075 0.185, 42.5075 0.215, 42.503 0.215, 42.503 0.245, 42.508 0.245, 42.508 0.215, 42.5125 0.215, 42.5125 0.185)), ((42.587 0.245, 42.592 0.245, 42.592 0.215, 42.5925 0.215, 42.5925 0.185, 42.592400000000005 0.185, 42.592400000000005 0.155, 42.5874 0.155, 42.5874 0.185, 42.5875 0.185, 42.5875 0.215, 42.587 0.215, 42.587 0.245)), ((42.5975 0.215, 42.5975 0.245, 42.5975 0.265, 42.6025 0.265, 42.6025 0.245, 42.6025 0.215, 42.6025 0.185, 42.6025 0.155, 42.6025 0.135, 42.5975 0.135, 42.5975 0.155, 42.5975 0.185, 42.5975 0.215)), ((42.5675 0.185, 42.5675 0.215, 42.566 0.215, 42.566 0.245, 42.571 0.245, 42.571 0.215, 42.5725 0.215, 42.5725 0.185, 42.5722 0.185, 42.5722 0.155, 42.56720000000001 0.155, 42.56720000000001 0.185, 42.5675 0.185)), ((42.4925 0.245, 42.4975 0.245, 42.4975 0.215, 42.4925 0.215, 42.4925 0.245)), ((42.4975 0.265, 42.5025 0.265, 42.5025 0.245, 42.4975 0.245, 42.4975 0.265)), ((42.6975 -0.245, 42.6995 -0.245, 42.6995 -0.215, 42.6975 -0.215, 42.6975 -0.185, 42.698 -0.185, 42.698 -0.155, 42.6975 -0.155, 42.6975 -0.135, 42.7025 -0.135, 42.7025 -0.155, 42.703 -0.155, 42.703 -0.185, 42.7025 -0.185, 42.7025 -0.215, 42.7045 -0.215, 42.7045 -0.245, 42.7025 -0.245, 42.7025 -0.265, 42.6975 -0.265, 42.6975 -0.245)), ((42.6475 -0.185, 42.64775 -0.185, 42.64775 -0.155, 42.6475 -0.155, 42.6475 -0.145, 42.6525 -0.145, 42.6525 -0.155, 42.65275 -0.155, 42.65275 -0.185, 42.6525 -0.185, 42.6525 -0.215, 42.6535 -0.215, 42.6535 -0.245, 42.6525 -0.245, 42.6525 -0.255, 42.6475 -0.255, 42.6475 -0.245, 42.6485 -0.245, 42.6485 -0.215, 42.6475 -0.215, 42.6475 -0.185)), ((42.66785 -0.155, 42.67285 -0.155, 42.67285 -0.185, 42.6725 -0.185, 42.6725 -0.215, 42.6739 -0.215, 42.6739 -0.245, 42.6689 -0.245, 42.6689 -0.215, 42.6675 -0.215, 42.6675 -0.185, 42.66785 -0.185, 42.66785 -0.155)), ((42.6377 -0.155, 42.642700000000005 -0.155, 42.642700000000005 -0.185, 42.6425 -0.185, 42.6425 -0.215, 42.6433 -0.215, 42.6433 -0.245, 42.6383 -0.245, 42.6383 -0.215, 42.6375 -0.215, 42.6375 -0.185, 42.6377 -0.185, 42.6377 -0.155)), ((42.62765 -0.155, 42.63265 -0.155, 42.63265 -0.185, 42.6325 -0.185, 42.6325 -0.215, 42.6331 -0.215, 42.6331 -0.245, 42.628099999999996 -0.245, 42.628099999999996 -0.215, 42.6275 -0.215, 42.6275 -0.185, 42.62765 -0.185, 42.62765 -0.155)), ((42.68795000000001 -0.155, 42.69295 -0.155, 42.69295 -0.185, 42.6925 -0.185, 42.6925 -0.215, 42.694300000000005 -0.215, 42.694300000000005 -0.245, 42.6893 -0.245, 42.6893 -0.215, 42.6875 -0.215, 42.6875 -0.185, 42.68795000000001 -0.185, 42.68795000000001 -0.155)), ((42.6578 -0.155, 42.662800000000004 -0.155, 42.662800000000004 -0.185, 42.6625 -0.185, 42.6625 -0.215, 42.663700000000006 -0.215, 42.663700000000006 -0.245, 42.6587 -0.245, 42.6587 -0.215, 42.6575 -0.215, 42.6575 -0.185, 42.6578 -0.185, 42.6578 -0.155)), ((42.60755 -0.155, 42.612550000000006 -0.155, 42.612550000000006 -0.185, 42.6125 -0.185, 42.6125 -0.215, 42.612700000000004 -0.215, 42.612700000000004 -0.245, 42.6077 -0.245, 42.6077 -0.215, 42.6075 -0.215, 42.6075 -0.185, 42.60755 -0.185, 42.60755 -0.155)), ((42.617599999999996 -0.155, 42.6226 -0.155, 42.6226 -0.185, 42.6225 -0.185, 42.6225 -0.215, 42.6229 -0.215, 42.6229 -0.245, 42.6179 -0.245, 42.6179 -0.215, 42.6175 -0.215, 42.6175 -0.185, 42.617599999999996 -0.185, 42.617599999999996 -0.155)), ((42.6825 -0.215, 42.6841 -0.215, 42.6841 -0.245, 42.6791 -0.245, 42.6791 -0.215, 42.6775 -0.215, 42.6775 -0.185, 42.6779 -0.185, 42.6779 -0.155, 42.682900000000004 -0.155, 42.682900000000004 -0.185, 42.6825 -0.185, 42.6825 -0.215)), ((42.603999 -0.0525, 42.618999 -0.0525, 42.618999 -0.0675, 42.603999 -0.0675, 42.603999 -0.0525)), ((42.631262 -0.058132, 42.641868 -0.047525, 42.652474999999995 -0.058132, 42.641868 -0.068738, 42.631262 -0.058132)), ((42.640808 -0.04505, 42.645050000000005 -0.040808, 42.659192000000004 -0.05495, 42.65495000000001 -0.059192, 42.640808 -0.04505)), ((42.647525 -0.041868, 42.658131999999995 -0.031262, 42.668738 -0.041868, 42.658131999999995 -0.052475, 42.647525 -0.041868)), ((42.620008999999996 -0.012, 42.638009 -0.012, 42.638009 -0.038, 42.612009 -0.038, 42.612009 -0.02, 42.604009 -0.02, 42.604009 -0.004, 42.620008999999996 -0.004, 42.620008999999996 -0.012)), ((42.652499000000006 -0.004, 42.66749900000001 -0.004, 42.66749900000001 -0.019, 42.652499000000006 -0.019, 42.652499000000006 -0.004)), ((42.51 -0.003, 42.51 0.003, 42.597 0.003, 42.597 0.09, 42.603 0.09, 42.603 0.003, 42.69 0.003, 42.69 -0.003, 42.603 -0.003, 42.603 -0.09, 42.597 -0.09, 42.597 -0.003, 42.51 -0.003)), ((42.652499000000006 0.019, 42.66749900000001 0.019, 42.66749900000001 0.004, 42.652499000000006 0.004, 42.652499000000006 0.019)), ((42.638009 0.012, 42.620008999999996 0.012, 42.620008999999996 0.004, 42.604009 0.004, 42.604009 0.02, 42.612009 0.02, 42.612009 0.038, 42.638009 0.038, 42.638009 0.012)), ((42.647525 0.041868, 42.658131999999995 0.052475, 42.668738 0.041868, 42.658131999999995 0.031262, 42.647525 0.041868)), ((42.640808 0.04505, 42.65495000000001 0.059192, 42.659192000000004 0.05495, 42.645050000000005 0.040808, 42.640808 0.04505)), ((42.631262 0.058132, 42.641868 0.068738, 42.652474999999995 0.058132, 42.641868 0.047525, 42.631262 0.058132)), ((42.603999 0.0675, 42.618999 0.0675, 42.618999 0.0525, 42.603999 0.0525, 42.603999 0.0675)), ((42.7035 0.155, 42.7025 0.155, 42.7025 0.135, 42.6975 0.135, 42.6975 0.155, 42.6985 0.155, 42.6985 0.185, 42.6975 0.185, 42.6975 0.215, 42.7025 0.215, 42.7025 0.185, 42.7035 0.185, 42.7035 0.155)), ((42.6475 0.255, 42.6525 0.255, 42.6525 0.245, 42.655 0.245, 42.655 0.215, 42.6525 0.215, 42.6525 0.185, 42.653 0.185, 42.653 0.155, 42.6525 0.155, 42.6525 0.145, 42.6475 0.145, 42.6475 0.155, 42.648 0.155, 42.648 0.185, 42.6475 0.185, 42.6475 0.215, 42.65 0.215, 42.65 0.245, 42.6475 0.245, 42.6475 0.255)), ((42.671 0.245, 42.676 0.245, 42.676 0.215, 42.6725 0.215, 42.6725 0.185, 42.6732 0.185, 42.6732 0.155, 42.668200000000006 0.155, 42.668200000000006 0.185, 42.6675 0.185, 42.6675 0.215, 42.671 0.215, 42.671 0.245)), ((42.6235 0.245, 42.6235 0.215, 42.6225 0.215, 42.6225 0.185, 42.6227 0.185, 42.6227 0.155, 42.617700000000006 0.155, 42.617700000000006 0.185, 42.6175 0.185, 42.6175 0.215, 42.6185 0.215, 42.6185 0.245, 42.6235 0.245)), ((42.634 0.245, 42.634 0.215, 42.6325 0.215, 42.6325 0.185, 42.6328 0.185, 42.6328 0.155, 42.6278 0.155, 42.6278 0.185, 42.6275 0.185, 42.6275 0.215, 42.629 0.215, 42.629 0.245, 42.634 0.245)), ((42.692 0.245, 42.697 0.245, 42.697 0.215, 42.6925 0.215, 42.6925 0.185, 42.693400000000004 0.185, 42.693400000000004 0.155, 42.6884 0.155, 42.6884 0.185, 42.6875 0.185, 42.6875 0.215, 42.692 0.215, 42.692 0.245)), ((42.6605 0.245, 42.6655 0.245, 42.6655 0.215, 42.6625 0.215, 42.6625 0.185, 42.6631 0.185, 42.6631 0.155, 42.6581 0.155, 42.6581 0.185, 42.6575 0.185, 42.6575 0.215, 42.6605 0.215, 42.6605 0.245)), ((42.6395 0.245, 42.6445 0.245, 42.6445 0.215, 42.6425 0.215, 42.6425 0.185, 42.642900000000004 0.185, 42.642900000000004 0.155, 42.6379 0.155, 42.6379 0.185, 42.6375 0.185, 42.6375 0.215, 42.6395 0.215, 42.6395 0.245)), ((42.608 0.245, 42.613 0.245, 42.613 0.215, 42.6125 0.215, 42.6125 0.185, 42.6126 0.185, 42.6126 0.155, 42.6076 0.155, 42.6076 0.185, 42.6075 0.185, 42.6075 0.215, 42.608 0.215, 42.608 0.245)), ((42.6815 0.245, 42.6865 0.245, 42.6865 0.215, 42.6825 0.215, 42.6825 0.185, 42.6833 0.185, 42.6833 0.155, 42.6783 0.155, 42.6783 0.185, 42.6775 0.185, 42.6775 0.215, 42.6815 0.215, 42.6815 0.245)), ((42.715859 0.163118, 42.715859 0.165118, 42.71985900000001 0.165118, 42.71985900000001 0.173118, 42.718859 0.173118, 42.71685900000001 0.171118, 42.715859 0.171118, 42.715859 0.173118, 42.71985900000001 0.177118, 42.721859 0.177118, 42.721859 0.165118, 42.72585900000001 0.165118, 42.72585900000001 0.163118, 42.715859 0.163118)), ((42.7075 0.245, 42.7075 0.215, 42.7025 0.215, 42.7025 0.245, 42.7075 0.245)), ((42.72585900000001 0.235524, 42.717859000000004 0.235524, 42.717859000000004 0.232524, 42.723859000000004 0.232524, 42.72585900000001 0.230524, 42.72585900000001 0.225524, 42.723859000000004 0.223524, 42.717859000000004 0.223524, 42.715859 0.225524, 42.715859 0.227524, 42.717859000000004 0.227524, 42.717859000000004 0.226524, 42.718859 0.225524, 42.72285900000001 0.225524, 42.723859000000004 0.226524, 42.723859000000004 0.229524, 42.72285900000001 0.230524, 42.715859 0.230524, 42.715859 0.237524, 42.72585900000001 0.237524, 42.72585900000001 0.235524)), ((42.6975 0.265, 42.7025 0.265, 42.7025 0.245, 42.6975 0.245, 42.6975 0.265)), ((42.829 -0.118, 42.831 -0.118, 42.831 -0.122, 42.829 -0.122, 42.829 -0.118)), ((42.781 -0.115, 42.781 -0.125, 42.779 -0.127, 42.773 -0.127, 42.771 -0.125, 42.771 -0.115, 42.773 -0.113, 42.779 -0.113, 42.781 -0.115), (42.778 -0.115, 42.774 -0.115, 42.773 -0.116, 42.773 -0.124, 42.774 -0.125, 42.778 -0.125, 42.779 -0.124, 42.779 -0.116, 42.778 -0.115)), ((42.835 -0.115, 42.835 -0.125, 42.833 -0.127, 42.827 -0.127, 42.825 -0.125, 42.825 -0.115, 42.827 -0.113, 42.833 -0.113, 42.835 -0.115), (42.832 -0.115, 42.828 -0.115, 42.827 -0.116, 42.827 -0.124, 42.828 -0.125, 42.832 -0.125, 42.833 -0.124, 42.833 -0.116, 42.832 -0.115)), ((42.821 -0.113, 42.823 -0.115, 42.823 -0.12, 42.821 -0.122, 42.816 -0.122, 42.815 -0.123, 42.815 -0.125, 42.823 -0.125, 42.823 -0.127, 42.813 -0.127, 42.813 -0.122, 42.815 -0.12, 42.82 -0.12, 42.821 -0.119, 42.821 -0.116, 42.82 -0.115, 42.816 -0.115, 42.815 -0.116, 42.815 -0.117, 42.813 -0.117, 42.813 -0.115, 42.815 -0.113, 42.821 -0.113)), ((42.775 -0.118, 42.777 -0.118, 42.777 -0.122, 42.775 -0.122, 42.775 -0.118)), ((42.769 -0.115, 42.761 -0.115, 42.761 -0.118, 42.767 -0.118, 42.769 -0.12, 42.769 -0.125, 42.767 -0.127, 42.761 -0.127, 42.759 -0.125, 42.759 -0.123, 42.761 -0.123, 42.761 -0.124, 42.762 -0.125, 42.766 -0.125, 42.767 -0.124, 42.767 -0.121, 42.766 -0.12, 42.759 -0.12, 42.759 -0.113, 42.769 -0.113, 42.769 -0.115)), ((42.755 -0.098, 42.785 -0.098, 42.785 -0.0975, 42.815 -0.0975, 42.815 -0.0995, 42.845 -0.0995, 42.845 -0.0975, 42.865 -0.0975, 42.865 -0.1025, 42.845 -0.1025, 42.845 -0.1045, 42.815 -0.1045, 42.815 -0.1025, 42.785 -0.1025, 42.785 -0.103, 42.755 -0.103, 42.755 -0.1025, 42.735 -0.1025, 42.735 -0.0975, 42.755 -0.0975, 42.755 -0.098)), ((42.815 -0.0893, 42.845 -0.0893, 42.845 -0.0943, 42.815 -0.0943, 42.815 -0.0925, 42.785 -0.0925, 42.785 -0.09295, 42.755 -0.09295, 42.755 -0.08795, 42.785 -0.08795, 42.785 -0.0875, 42.815 -0.0875, 42.815 -0.0893)), ((42.815 -0.0791, 42.845 -0.0791, 42.845 -0.0841, 42.815 -0.0841, 42.815 -0.0825, 42.785 -0.0825, 42.785 -0.0829, 42.755 -0.0829, 42.755 -0.0779, 42.785 -0.0779, 42.785 -0.0775, 42.815 -0.0775, 42.815 -0.0791)), ((42.815 -0.0689, 42.845 -0.0689, 42.845 -0.0739, 42.815 -0.0739, 42.815 -0.0725, 42.785 -0.0725, 42.785 -0.07285, 42.755 -0.07285, 42.755 -0.06785, 42.785 -0.06785, 42.785 -0.0675, 42.815 -0.0675, 42.815 -0.0689)), ((42.815 -0.0587, 42.845 -0.0587, 42.845 -0.0637, 42.815 -0.0637, 42.815 -0.0625, 42.785 -0.0625, 42.785 -0.0628, 42.755 -0.0628, 42.755 -0.0578, 42.785 -0.0578, 42.785 -0.0575, 42.815 -0.0575, 42.815 -0.0587)), ((42.755 -0.04775, 42.785 -0.04775, 42.785 -0.0475, 42.815 -0.0475, 42.815 -0.0485, 42.845 -0.0485, 42.845 -0.0475, 42.855 -0.0475, 42.855 -0.0525, 42.845 -0.0525, 42.845 -0.0535, 42.815 -0.0535, 42.815 -0.0525, 42.785 -0.0525, 42.785 -0.05275, 42.755 -0.05275, 42.755 -0.0525, 42.745 -0.0525, 42.745 -0.0475, 42.755 -0.0475, 42.755 -0.04775)), ((42.755 -0.0377, 42.785 -0.0377, 42.785 -0.0375, 42.815 -0.0375, 42.815 -0.0383, 42.845 -0.0383, 42.845 -0.0433, 42.815 -0.0433, 42.815 -0.0425, 42.785 -0.0425, 42.785 -0.0427, 42.755 -0.0427, 42.755 -0.0377)), ((42.815 -0.0281, 42.845 -0.0281, 42.845 -0.0331, 42.815 -0.0331, 42.815 -0.0325, 42.785 -0.0325, 42.785 -0.03265, 42.755 -0.03265, 42.755 -0.02765, 42.785 -0.02765, 42.785 -0.0275, 42.815 -0.0275, 42.815 -0.0281)), ((42.785 -0.0176, 42.785 -0.0175, 42.815 -0.0175, 42.815 -0.0179, 42.845 -0.0179, 42.845 -0.0229, 42.815 -0.0229, 42.815 -0.0225, 42.785 -0.0225, 42.785 -0.0226, 42.755 -0.0226, 42.755 -0.0176, 42.785 -0.0176)), ((42.815 -0.0077, 42.845 -0.0077, 42.845 -0.0127, 42.815 -0.0127, 42.815 -0.0125, 42.785 -0.0125, 42.785 -0.01255, 42.755 -0.01255, 42.755 -0.00755, 42.785 -0.00755, 42.785 -0.0075, 42.815 -0.0075, 42.815 -0.0077)), ((42.845 -0.0025, 42.815 -0.0025, 42.785 -0.0025, 42.755 -0.0025, 42.735 -0.0025, 42.735 0.0025, 42.755 0.0025, 42.785 0.0025, 42.815 0.0025, 42.845 0.0025, 42.865 0.0025, 42.865 -0.0025, 42.845 -0.0025)), ((42.845 0.0077, 42.815 0.0077, 42.815 0.0075, 42.785 0.0075, 42.785 0.00755, 42.755 0.00755, 42.755 0.01255, 42.785 0.01255, 42.785 0.0125, 42.815 0.0125, 42.815 0.0127, 42.845 0.0127, 42.845 0.0077)), ((42.845 0.0179, 42.815 0.0179, 42.815 0.0175, 42.785 0.0175, 42.785 0.0176, 42.755 0.0176, 42.755 0.0226, 42.785 0.0226, 42.785 0.0225, 42.815 0.0225, 42.815 0.0229, 42.845 0.0229, 42.845 0.0179)), ((42.785 0.02765, 42.755 0.02765, 42.755 0.03265, 42.785 0.03265, 42.785 0.0325, 42.815 0.0325, 42.815 0.0331, 42.845 0.0331, 42.845 0.0281, 42.815 0.0281, 42.815 0.0275, 42.785 0.0275, 42.785 0.02765)), ((42.845 0.0383, 42.815 0.0383, 42.815 0.0375, 42.785 0.0375, 42.785 0.0377, 42.755 0.0377, 42.755 0.0427, 42.785 0.0427, 42.785 0.0425, 42.815 0.0425, 42.815 0.0433, 42.845 0.0433, 42.845 0.0383)), ((42.855 0.0525, 42.855 0.0475, 42.845 0.0475, 42.845 0.0485, 42.815 0.0485, 42.815 0.0475, 42.785 0.0475, 42.785 0.04775, 42.755 0.04775, 42.755 0.0475, 42.745 0.0475, 42.745 0.0525, 42.755 0.0525, 42.755 0.05275, 42.785 0.05275, 42.785 0.0525, 42.815 0.0525, 42.815 0.0535, 42.845 0.0535, 42.845 0.0525, 42.855 0.0525)), ((42.845 0.0587, 42.815 0.0587, 42.815 0.0575, 42.785 0.0575, 42.785 0.0578, 42.755 0.0578, 42.755 0.0628, 42.785 0.0628, 42.785 0.0625, 42.815 0.0625, 42.815 0.0637, 42.845 0.0637, 42.845 0.0587)), ((42.845 0.0689, 42.815 0.0689, 42.815 0.0675, 42.785 0.0675, 42.785 0.06785, 42.755 0.06785, 42.755 0.07285, 42.785 0.07285, 42.785 0.0725, 42.815 0.0725, 42.815 0.0739, 42.845 0.0739, 42.845 0.0689)), ((42.845 0.0791, 42.815 0.0791, 42.815 0.0775, 42.785 0.0775, 42.785 0.0779, 42.755 0.0779, 42.755 0.0829, 42.785 0.0829, 42.785 0.0825, 42.815 0.0825, 42.815 0.0841, 42.845 0.0841, 42.845 0.0791)), ((42.845 0.0893, 42.815 0.0893, 42.815 0.0875, 42.785 0.0875, 42.785 0.08795, 42.755 0.08795, 42.755 0.09295, 42.785 0.09295, 42.785 0.0925, 42.815 0.0925, 42.815 0.0943, 42.845 0.0943, 42.845 0.0893)), ((42.785 0.1025, 42.815 0.1025, 42.815 0.1045, 42.845 0.1045, 42.845 0.1025, 42.865 0.1025, 42.865 0.0975, 42.845 0.0975, 42.845 0.0995, 42.815 0.0995, 42.815 0.0975, 42.785 0.0975, 42.785 0.098, 42.755 0.098, 42.755 0.0975, 42.735 0.0975, 42.735 0.1025, 42.755 0.1025, 42.755 0.103, 42.785 0.103, 42.785 0.1025)), ((42.743859 0.172118, 42.745859 0.172118, 42.745859 0.168118, 42.743859 0.168118, 42.743859 0.172118)), ((42.73185900000001 0.172118, 42.733859 0.172118, 42.733859 0.168118, 42.73185900000001 0.168118, 42.73185900000001 0.172118)), ((42.765859000000006 0.163118, 42.763859000000004 0.163118, 42.763859000000004 0.177118, 42.765859000000006 0.177118, 42.767859 0.175118, 42.769859000000004 0.175118, 42.771859000000006 0.177118, 42.773859 0.177118, 42.773859 0.163118, 42.771859000000006 0.163118, 42.771859000000006 0.173118, 42.770859 0.173118, 42.768859000000006 0.171118, 42.766859000000004 0.173118, 42.765859000000006 0.173118, 42.765859000000006 0.163118)), ((42.729859000000005 0.163118, 42.727859 0.165118, 42.727859 0.175118, 42.729859000000005 0.177118, 42.735859000000005 0.177118, 42.73785900000001 0.175118, 42.73785900000001 0.165118, 42.735859000000005 0.163118, 42.729859000000005 0.163118), (42.735859000000005 0.174118, 42.73485900000001 0.175118, 42.730859 0.175118, 42.729859000000005 0.174118, 42.729859000000005 0.166118, 42.730859 0.165118, 42.73485900000001 0.165118, 42.735859000000005 0.166118, 42.735859000000005 0.174118)), ((42.747859000000005 0.163118, 42.741859000000005 0.163118, 42.739859 0.165118, 42.739859 0.175118, 42.741859000000005 0.177118, 42.747859000000005 0.177118, 42.749859 0.175118, 42.749859 0.165118, 42.747859000000005 0.163118), (42.747859000000005 0.166118, 42.747859000000005 0.174118, 42.746859 0.175118, 42.742859 0.175118, 42.741859000000005 0.174118, 42.741859000000005 0.166118, 42.742859 0.165118, 42.746859 0.165118, 42.747859000000005 0.166118)), ((42.751859 0.163118, 42.751859 0.177118, 42.753859000000006 0.177118, 42.758859 0.172118, 42.759859000000006 0.172118, 42.759859000000006 0.177118, 42.761859 0.177118, 42.761859 0.163118, 42.759859000000006 0.163118, 42.759859000000006 0.168118, 42.754859 0.173118, 42.753859000000006 0.173118, 42.753859000000006 0.163118, 42.751859 0.163118)), ((42.73185900000001 0.232524, 42.733859 0.232524, 42.733859 0.228524, 42.73185900000001 0.228524, 42.73185900000001 0.232524)), ((42.751859 0.223524, 42.751859 0.237524, 42.753859000000006 0.237524, 42.758859 0.232524, 42.759859000000006 0.232524, 42.759859000000006 0.237524, 42.761859 0.237524, 42.761859 0.223524, 42.759859000000006 0.223524, 42.759859000000006 0.228524, 42.754859 0.233524, 42.753859000000006 0.233524, 42.753859000000006 0.223524, 42.751859 0.223524)), ((42.747859000000005 0.223524, 42.741859000000005 0.223524, 42.739859 0.225524, 42.739859 0.235524, 42.741859000000005 0.237524, 42.747859000000005 0.237524, 42.749859 0.235524, 42.749859 0.225524, 42.747859000000005 0.223524), (42.747859000000005 0.226524, 42.747859000000005 0.234524, 42.746859 0.235524, 42.742859 0.235524, 42.741859000000005 0.234524, 42.741859000000005 0.226524, 42.742859 0.225524, 42.746859 0.225524, 42.747859000000005 0.226524)), ((42.735859000000005 0.223524, 42.729859000000005 0.223524, 42.727859 0.225524, 42.727859 0.235524, 42.729859000000005 0.237524, 42.735859000000005 0.237524, 42.73785900000001 0.235524, 42.73785900000001 0.225524, 42.735859000000005 0.223524), (42.735859000000005 0.226524, 42.735859000000005 0.234524, 42.73485900000001 0.235524, 42.730859 0.235524, 42.729859000000005 0.234524, 42.729859000000005 0.226524, 42.730859 0.225524, 42.73485900000001 0.225524, 42.735859000000005 0.226524)), ((42.743859 0.232524, 42.745859 0.232524, 42.745859 0.228524, 42.743859 0.228524, 42.743859 0.232524)), ((42.765859000000006 0.233524, 42.765859000000006 0.223524, 42.763859000000004 0.223524, 42.763859000000004 0.237524, 42.765859000000006 0.237524, 42.767859 0.235524, 42.769859000000004 0.235524, 42.771859000000006 0.237524, 42.773859 0.237524, 42.773859 0.223524, 42.771859000000006 0.223524, 42.771859000000006 0.233524, 42.770859 0.233524, 42.768859000000006 0.231524, 42.766859000000004 0.233524, 42.765859000000006 0.233524)), ((43.13414100000001 -0.223524, 43.136141 -0.225524, 43.136141 -0.230524, 43.13414100000001 -0.232524, 43.129141000000004 -0.232524, 43.12814100000001 -0.233524, 43.12814100000001 -0.235524, 43.136141 -0.235524, 43.136141 -0.237524, 43.126141000000004 -0.237524, 43.126141000000004 -0.232524, 43.12814100000001 -0.230524, 43.133141 -0.230524, 43.13414100000001 -0.229524, 43.13414100000001 -0.226524, 43.133141 -0.225524, 43.129141000000004 -0.225524, 43.12814100000001 -0.226524, 43.12814100000001 -0.227524, 43.126141000000004 -0.227524, 43.126141000000004 -0.225524, 43.12814100000001 -0.223524, 43.13414100000001 -0.223524)), ((43.075 -0.115, 43.075 -0.125, 43.073 -0.127, 43.067 -0.127, 43.065 -0.125, 43.065 -0.115, 43.067 -0.113, 43.073 -0.113, 43.075 -0.115), (43.068 -0.125, 43.072 -0.125, 43.073 -0.124, 43.073 -0.116, 43.072 -0.115, 43.068 -0.115, 43.067 -0.116, 43.067 -0.124, 43.068 -0.125)), ((43.069 -0.118, 43.071 -0.118, 43.071 -0.122, 43.069 -0.122, 43.069 -0.118)), ((42.847 -0.115, 42.847 -0.125, 42.845 -0.127, 42.839 -0.127, 42.837 -0.125, 42.837 -0.115, 42.839 -0.113, 42.845 -0.113, 42.847 -0.115), (42.844 -0.115, 42.84 -0.115, 42.839 -0.116, 42.839 -0.124, 42.84 -0.125, 42.844 -0.125, 42.845 -0.124, 42.845 -0.116, 42.844 -0.115)), ((42.841 -0.118, 42.843 -0.118, 42.843 -0.122, 42.841 -0.122, 42.841 -0.118)), ((43.147 -0.115, 43.147 -0.125, 43.145 -0.127, 43.139 -0.127, 43.137 -0.125, 43.137 -0.115, 43.139 -0.113, 43.145 -0.113, 43.147 -0.115), (43.14 -0.125, 43.144 -0.125, 43.145 -0.124, 43.145 -0.116, 43.144 -0.115, 43.14 -0.115, 43.139 -0.116, 43.139 -0.124, 43.14 -0.125)), ((43.135 -0.115, 43.135 -0.125, 43.133 -0.127, 43.127 -0.127, 43.125 -0.125, 43.125 -0.115, 43.127 -0.113, 43.133 -0.113, 43.135 -0.115), (43.128 -0.125, 43.132 -0.125, 43.133 -0.124, 43.133 -0.116, 43.132 -0.115, 43.128 -0.115, 43.127 -0.116, 43.127 -0.124, 43.128 -0.125)), ((43.131 -0.118, 43.131 -0.122, 43.129 -0.122, 43.129 -0.118, 43.131 -0.118)), ((43.141 -0.118, 43.143 -0.118, 43.143 -0.122, 43.141 -0.122, 43.141 -0.118)), ((43.081 -0.118, 43.083 -0.118, 43.083 -0.122, 43.081 -0.122, 43.081 -0.118)), ((43.087 -0.115, 43.087 -0.125, 43.085 -0.127, 43.079 -0.127, 43.077 -0.125, 43.077 -0.115, 43.079 -0.113, 43.085 -0.113, 43.087 -0.115), (43.08 -0.125, 43.084 -0.125, 43.085 -0.124, 43.085 -0.116, 43.084 -0.115, 43.08 -0.115, 43.079 -0.116, 43.079 -0.124, 43.08 -0.125)), ((43.063 -0.115, 43.055 -0.115, 43.055 -0.118, 43.061 -0.118, 43.063 -0.12, 43.063 -0.125, 43.061 -0.127, 43.055 -0.127, 43.053 -0.125, 43.053 -0.123, 43.055 -0.123, 43.055 -0.124, 43.056 -0.125, 43.06 -0.125, 43.061 -0.124, 43.061 -0.121, 43.06 -0.12, 43.053 -0.12, 43.053 -0.113, 43.063 -0.113, 43.063 -0.115)), ((43.113 -0.127, 43.113 -0.125, 43.117 -0.125, 43.117 -0.117, 43.116 -0.117, 43.114 -0.119, 43.113 -0.119, 43.113 -0.117, 43.117 -0.113, 43.119 -0.113, 43.119 -0.125, 43.123 -0.125, 43.123 -0.127, 43.113 -0.127)), ((43.055 -0.1025, 43.085 -0.1025, 43.085 -0.1075, 43.055 -0.1075, 43.055 -0.1025)), ((43.145 -0.0985, 43.145 -0.0975, 43.165 -0.0975, 43.165 -0.1025, 43.145 -0.1025, 43.145 -0.1035, 43.115 -0.1035, 43.115 -0.1025, 43.085 -0.1025, 43.085 -0.0975, 43.115 -0.0975, 43.115 -0.0985, 43.145 -0.0985)), ((43.035 -0.0975, 43.055 -0.0975, 43.055 -0.1025, 43.035 -0.1025, 43.035 -0.0975)), ((43.115 -0.0925, 43.085 -0.0925, 43.085 -0.097, 43.055 -0.097, 43.055 -0.092, 43.085 -0.092, 43.085 -0.0875, 43.115 -0.0875, 43.115 -0.0884, 43.145 -0.0884, 43.145 -0.0934, 43.115 -0.0934, 43.115 -0.0925)), ((43.115 -0.0825, 43.085 -0.0825, 43.085 -0.0865, 43.055 -0.0865, 43.055 -0.0815, 43.085 -0.0815, 43.085 -0.0775, 43.115 -0.0775, 43.115 -0.0783, 43.145 -0.0783, 43.145 -0.0833, 43.115 -0.0833, 43.115 -0.0825)), ((43.115 -0.0725, 43.085 -0.0725, 43.085 -0.076, 43.055 -0.076, 43.055 -0.071, 43.085 -0.071, 43.085 -0.0675, 43.115 -0.0675, 43.115 -0.0682, 43.145 -0.0682, 43.145 -0.0732, 43.115 -0.0732, 43.115 -0.0725)), ((43.115 -0.0625, 43.085 -0.0625, 43.085 -0.0655, 43.055 -0.0655, 43.055 -0.0605, 43.085 -0.0605, 43.085 -0.0575, 43.115 -0.0575, 43.115 -0.0581, 43.145 -0.0581, 43.145 -0.0631, 43.115 -0.0631, 43.115 -0.0625)), ((43.045 -0.0525, 43.045 -0.0475, 43.055 -0.0475, 43.055 -0.05, 43.085 -0.05, 43.085 -0.0475, 43.115 -0.0475, 43.115 -0.048, 43.145 -0.048, 43.145 -0.0475, 43.155 -0.0475, 43.155 -0.0525, 43.145 -0.0525, 43.145 -0.053, 43.115 -0.053, 43.115 -0.0525, 43.085 -0.0525, 43.085 -0.055, 43.055 -0.055, 43.055 -0.0525, 43.045 -0.0525)), ((43.115 -0.0425, 43.085 -0.0425, 43.085 -0.0445, 43.055 -0.0445, 43.055 -0.0395, 43.085 -0.0395, 43.085 -0.0375, 43.115 -0.0375, 43.115 -0.0379, 43.145 -0.0379, 43.145 -0.0429, 43.115 -0.0429, 43.115 -0.0425)), ((43.115 -0.0325, 43.085 -0.0325, 43.085 -0.034, 43.055 -0.034, 43.055 -0.029, 43.085 -0.029, 43.085 -0.0275, 43.115 -0.0275, 43.115 -0.0278, 43.145 -0.0278, 43.145 -0.0328, 43.115 -0.0328, 43.115 -0.0325)), ((43.115 -0.0225, 43.085 -0.0225, 43.085 -0.0235, 43.055 -0.0235, 43.055 -0.0185, 43.085 -0.0185, 43.085 -0.0175, 43.115 -0.0175, 43.115 -0.0177, 43.145 -0.0177, 43.145 -0.0227, 43.115 -0.0227, 43.115 -0.0225)), ((43.115 -0.0125, 43.085 -0.0125, 43.085 -0.013, 43.055 -0.013, 43.055 -0.008, 43.085 -0.008, 43.085 -0.0075, 43.115 -0.0075, 43.115 -0.0076, 43.145 -0.0076, 43.145 -0.0126, 43.115 -0.0126, 43.115 -0.0125)), ((43.165 -0.0025, 43.145 -0.0025, 43.115 -0.0025, 43.085 -0.0025, 43.055 -0.0025, 43.035 -0.0025, 43.035 0.0025, 43.055 0.0025, 43.085 0.0025, 43.115 0.0025, 43.145 0.0025, 43.165 0.0025, 43.165 -0.0025)), ((43.085 0.0125, 43.115 0.0125, 43.115 0.0126, 43.145 0.0126, 43.145 0.0076, 43.115 0.0076, 43.115 0.0075, 43.085 0.0075, 43.085 0.008, 43.055 0.008, 43.055 0.013, 43.085 0.013, 43.085 0.0125)), ((43.145 0.0177, 43.115 0.0177, 43.115 0.0175, 43.085 0.0175, 43.085 0.0185, 43.055 0.0185, 43.055 0.0235, 43.085 0.0235, 43.085 0.0225, 43.115 0.0225, 43.115 0.0227, 43.145 0.0227, 43.145 0.0177)), ((43.085 0.0325, 43.115 0.0325, 43.115 0.0328, 43.145 0.0328, 43.145 0.0278, 43.115 0.0278, 43.115 0.0275, 43.085 0.0275, 43.085 0.029, 43.055 0.029, 43.055 0.034, 43.085 0.034, 43.085 0.0325)), ((43.145 0.0379, 43.115 0.0379, 43.115 0.0375, 43.085 0.0375, 43.085 0.0395, 43.055 0.0395, 43.055 0.0445, 43.085 0.0445, 43.085 0.0425, 43.115 0.0425, 43.115 0.0429, 43.145 0.0429, 43.145 0.0379)), ((43.085 0.0525, 43.115 0.0525, 43.115 0.053, 43.145 0.053, 43.145 0.0525, 43.155 0.0525, 43.155 0.0475, 43.145 0.0475, 43.145 0.048, 43.115 0.048, 43.115 0.0475, 43.085 0.0475, 43.085 0.05, 43.055 0.05, 43.055 0.0475, 43.045 0.0475, 43.045 0.0525, 43.055 0.0525, 43.055 0.055, 43.085 0.055, 43.085 0.0525)), ((43.145 0.0581, 43.115 0.0581, 43.115 0.0575, 43.085 0.0575, 43.085 0.0605, 43.055 0.0605, 43.055 0.0655, 43.085 0.0655, 43.085 0.0625, 43.115 0.0625, 43.115 0.0631, 43.145 0.0631, 43.145 0.0581)), ((43.145 0.0682, 43.115 0.0682, 43.115 0.0675, 43.085 0.0675, 43.085 0.071, 43.055 0.071, 43.055 0.076, 43.085 0.076, 43.085 0.0725, 43.115 0.0725, 43.115 0.0732, 43.145 0.0732, 43.145 0.0682)), ((43.085 0.0825, 43.115 0.0825, 43.115 0.0833, 43.145 0.0833, 43.145 0.0783, 43.115 0.0783, 43.115 0.0775, 43.085 0.0775, 43.085 0.0815, 43.055 0.0815, 43.055 0.0865, 43.085 0.0865, 43.085 0.0825)), ((43.145 0.0884, 43.115 0.0884, 43.115 0.0875, 43.085 0.0875, 43.085 0.092, 43.055 0.092, 43.055 0.097, 43.085 0.097, 43.085 0.0925, 43.115 0.0925, 43.115 0.0934, 43.145 0.0934, 43.145 0.0884)), ((43.145 0.0985, 43.115 0.0985, 43.115 0.0975, 43.085 0.0975, 43.085 0.1025, 43.115 0.1025, 43.115 0.1035, 43.145 0.1035, 43.145 0.1025, 43.165 0.1025, 43.165 0.0975, 43.145 0.0975, 43.145 0.0985)), ((43.035 0.1025, 43.055 0.1025, 43.055 0.0975, 43.035 0.0975, 43.035 0.1025)), ((43.055 0.1075, 43.085 0.1075, 43.085 0.1025, 43.055 0.1025, 43.055 0.1075)), ((43.1975 -0.185, 43.197 -0.185, 43.197 -0.155, 43.1975 -0.155, 43.1975 -0.135, 43.2025 -0.135, 43.2025 -0.155, 43.202 -0.155, 43.202 -0.185, 43.2025 -0.185, 43.2025 -0.215, 43.2005 -0.215, 43.2005 -0.245, 43.2025 -0.245, 43.2025 -0.265, 43.1975 -0.265, 43.1975 -0.245, 43.1955 -0.245, 43.1955 -0.215, 43.1975 -0.215, 43.1975 -0.185)), ((43.24725 -0.185, 43.24725 -0.155, 43.2475 -0.155, 43.2475 -0.145, 43.2525 -0.145, 43.2525 -0.155, 43.25225 -0.155, 43.25225 -0.185, 43.2525 -0.185, 43.2525 -0.215, 43.2515 -0.215, 43.2515 -0.245, 43.2525 -0.245, 43.2525 -0.255, 43.2475 -0.255, 43.2475 -0.245, 43.2465 -0.245, 43.2465 -0.215, 43.2475 -0.215, 43.2475 -0.185, 43.24725 -0.185)), ((43.160141 -0.225524, 43.160141 -0.235524, 43.158141 -0.237524, 43.152141 -0.237524, 43.150141000000005 -0.235524, 43.150141000000005 -0.225524, 43.152141 -0.223524, 43.158141 -0.223524, 43.160141 -0.225524), (43.152141 -0.226524, 43.152141 -0.234524, 43.153141000000005 -0.235524, 43.157141 -0.235524, 43.158141 -0.234524, 43.158141 -0.226524, 43.157141 -0.225524, 43.153141000000005 -0.225524, 43.152141 -0.226524)), ((43.142141 -0.228524, 43.144141000000005 -0.228524, 43.144141000000005 -0.232524, 43.142141 -0.232524, 43.142141 -0.228524)), ((43.148141 -0.225524, 43.148141 -0.235524, 43.146141 -0.237524, 43.140141 -0.237524, 43.138141000000005 -0.235524, 43.138141000000005 -0.225524, 43.140141 -0.223524, 43.146141 -0.223524, 43.148141 -0.225524), (43.140141 -0.226524, 43.140141 -0.234524, 43.141141000000005 -0.235524, 43.145141 -0.235524, 43.146141 -0.234524, 43.146141 -0.226524, 43.145141 -0.225524, 43.141141000000005 -0.225524, 43.140141 -0.226524)), ((43.176141 -0.227524, 43.176141 -0.237524, 43.174141000000006 -0.237524, 43.174141000000006 -0.223524, 43.176141 -0.223524, 43.178141000000004 -0.225524, 43.180141000000006 -0.225524, 43.182141 -0.223524, 43.184141000000004 -0.223524, 43.184141000000004 -0.237524, 43.182141 -0.237524, 43.182141 -0.227524, 43.181141000000004 -0.227524, 43.179141 -0.229524, 43.177141000000006 -0.227524, 43.176141 -0.227524)), ((43.162141000000005 -0.237524, 43.162141000000005 -0.223524, 43.164141 -0.223524, 43.169141 -0.228524, 43.170141 -0.228524, 43.170141 -0.223524, 43.172141 -0.223524, 43.172141 -0.237524, 43.170141 -0.237524, 43.170141 -0.232524, 43.165141000000006 -0.227524, 43.164141 -0.227524, 43.164141 -0.237524, 43.162141000000005 -0.237524)), ((43.154141 -0.228524, 43.156141000000005 -0.228524, 43.156141000000005 -0.232524, 43.154141 -0.232524, 43.154141 -0.228524)), ((43.2669 -0.215, 43.2675 -0.215, 43.2675 -0.185, 43.26735 -0.185, 43.26735 -0.155, 43.272349999999996 -0.155, 43.272349999999996 -0.185, 43.2725 -0.185, 43.2725 -0.215, 43.2719 -0.215, 43.2719 -0.245, 43.2669 -0.245, 43.2669 -0.215)), ((43.215900000000005 -0.215, 43.2175 -0.215, 43.2175 -0.185, 43.2171 -0.185, 43.2171 -0.155, 43.2221 -0.155, 43.2221 -0.185, 43.2225 -0.185, 43.2225 -0.215, 43.2209 -0.215, 43.2209 -0.245, 43.215900000000005 -0.245, 43.215900000000005 -0.215)), ((43.2824 -0.155, 43.2824 -0.185, 43.2825 -0.185, 43.2825 -0.215, 43.2821 -0.215, 43.2821 -0.245, 43.2771 -0.245, 43.2771 -0.215, 43.2775 -0.215, 43.2775 -0.185, 43.2774 -0.185, 43.2774 -0.155, 43.2824 -0.155)), ((43.20570000000001 -0.215, 43.2075 -0.215, 43.2075 -0.185, 43.20705 -0.185, 43.20705 -0.155, 43.212050000000005 -0.155, 43.212050000000005 -0.185, 43.2125 -0.185, 43.2125 -0.215, 43.2107 -0.215, 43.2107 -0.245, 43.20570000000001 -0.245, 43.20570000000001 -0.215)), ((43.2567 -0.215, 43.2575 -0.215, 43.2575 -0.185, 43.2573 -0.185, 43.2573 -0.155, 43.2623 -0.155, 43.2623 -0.185, 43.2625 -0.185, 43.2625 -0.215, 43.261700000000005 -0.215, 43.261700000000005 -0.245, 43.2567 -0.245, 43.2567 -0.215)), ((43.226099999999995 -0.215, 43.2275 -0.215, 43.2275 -0.185, 43.22715 -0.185, 43.22715 -0.155, 43.232150000000004 -0.155, 43.232150000000004 -0.185, 43.2325 -0.185, 43.2325 -0.215, 43.2311 -0.215, 43.2311 -0.245, 43.226099999999995 -0.245, 43.226099999999995 -0.215)), ((43.242200000000004 -0.155, 43.242200000000004 -0.185, 43.2425 -0.185, 43.2425 -0.215, 43.2413 -0.215, 43.2413 -0.245, 43.2363 -0.245, 43.2363 -0.215, 43.2375 -0.215, 43.2375 -0.185, 43.2372 -0.185, 43.2372 -0.155, 43.242200000000004 -0.155)), ((43.176141 -0.167118, 43.176141 -0.177118, 43.174141000000006 -0.177118, 43.174141000000006 -0.163118, 43.176141 -0.163118, 43.178141000000004 -0.165118, 43.180141000000006 -0.165118, 43.182141 -0.163118, 43.184141000000004 -0.163118, 43.184141000000004 -0.177118, 43.182141 -0.177118, 43.182141 -0.167118, 43.181141000000004 -0.167118, 43.179141 -0.169118, 43.177141000000006 -0.167118, 43.176141 -0.167118)), ((43.148141 -0.165118, 43.140141 -0.165118, 43.140141 -0.168118, 43.146141 -0.168118, 43.148141 -0.170118, 43.148141 -0.175118, 43.146141 -0.177118, 43.140141 -0.177118, 43.138141000000005 -0.175118, 43.138141000000005 -0.173118, 43.140141 -0.173118, 43.140141 -0.174118, 43.141141000000005 -0.175118, 43.145141 -0.175118, 43.146141 -0.174118, 43.146141 -0.171118, 43.145141 -0.170118, 43.138141000000005 -0.170118, 43.138141000000005 -0.163118, 43.148141 -0.163118, 43.148141 -0.165118)), ((43.162141000000005 -0.163118, 43.164141 -0.163118, 43.169141 -0.168118, 43.170141 -0.168118, 43.170141 -0.163118, 43.172141 -0.163118, 43.172141 -0.177118, 43.170141 -0.177118, 43.170141 -0.172118, 43.165141000000006 -0.167118, 43.164141 -0.167118, 43.164141 -0.177118, 43.162141000000005 -0.177118, 43.162141000000005 -0.163118)), ((43.160141 -0.165118, 43.160141 -0.175118, 43.158141 -0.177118, 43.152141 -0.177118, 43.150141000000005 -0.175118, 43.150141000000005 -0.165118, 43.152141 -0.163118, 43.158141 -0.163118, 43.160141 -0.165118), (43.152141 -0.166118, 43.152141 -0.174118, 43.153141000000005 -0.175118, 43.157141 -0.175118, 43.158141 -0.174118, 43.158141 -0.166118, 43.157141 -0.165118, 43.153141000000005 -0.165118, 43.152141 -0.166118)), ((43.154141 -0.168118, 43.156141000000005 -0.168118, 43.156141000000005 -0.172118, 43.154141 -0.172118, 43.154141 -0.168118)), ((43.247525 -0.058132, 43.258131999999996 -0.047525, 43.268738 -0.058132, 43.258131999999996 -0.068738, 43.247525 -0.058132)), ((43.240807999999994 -0.05495, 43.25495 -0.040808, 43.259192000000006 -0.04505, 43.245050000000006 -0.059192, 43.240807999999994 -0.05495)), ((43.241868000000004 -0.031262, 43.252475 -0.041868, 43.241868000000004 -0.052475, 43.231262 -0.041868, 43.241868000000004 -0.031262)), ((43.296009 -0.02, 43.287989 -0.02, 43.287989 -0.038, 43.261989 -0.038, 43.261989 -0.012, 43.280009 -0.012, 43.280009 -0.004, 43.296009 -0.004, 43.296009 -0.02)), ((43.232499000000004 -0.004, 43.247499000000005 -0.004, 43.247499000000005 -0.019, 43.232499000000004 -0.019, 43.232499000000004 -0.004)), ((43.232499000000004 0.019, 43.247499000000005 0.019, 43.247499000000005 0.004, 43.232499000000004 0.004, 43.232499000000004 0.019)), ((43.288008999999995 0.02, 43.296009 0.02, 43.296009 0.004, 43.280009 0.004, 43.280009 0.012, 43.262009 0.012, 43.262009 0.038, 43.288008999999995 0.038, 43.288008999999995 0.02)), ((43.232262000000006 0.040868, 43.242868 0.051475, 43.253475 0.040868, 43.242868 0.030262, 43.232262000000006 0.040868)), ((43.241808 0.05395, 43.246050000000004 0.058192, 43.260192 0.04405, 43.255950000000006 0.039808, 43.241808 0.05395)), ((43.248525 0.057132, 43.259132 0.067738, 43.269738 0.057132, 43.259132 0.046525, 43.248525 0.057132)), ((43.2015 0.155, 43.2025 0.155, 43.2025 0.135, 43.1975 0.135, 43.1975 0.155, 43.1965 0.155, 43.1965 0.185, 43.1975 0.185, 43.1975 0.215, 43.2025 0.215, 43.2025 0.185, 43.2015 0.185, 43.2015 0.155)), ((43.2475 0.255, 43.2525 0.255, 43.2525 0.245, 43.25 0.245, 43.25 0.215, 43.2525 0.215, 43.2525 0.185, 43.252 0.185, 43.252 0.155, 43.2525 0.155, 43.2525 0.145, 43.2475 0.145, 43.2475 0.155, 43.247 0.155, 43.247 0.185, 43.2475 0.185, 43.2475 0.215, 43.245 0.215, 43.245 0.245, 43.2475 0.245, 43.2475 0.255)), ((43.2555 0.245, 43.2605 0.245, 43.2605 0.215, 43.2625 0.215, 43.2625 0.185, 43.2621 0.185, 43.2621 0.155, 43.2571 0.155, 43.2571 0.185, 43.2575 0.185, 43.2575 0.215, 43.2555 0.215, 43.2555 0.245)), ((43.2135 0.245, 43.2185 0.245, 43.2185 0.215, 43.2225 0.215, 43.2225 0.185, 43.221700000000006 0.185, 43.221700000000006 0.155, 43.2167 0.155, 43.2167 0.185, 43.2175 0.185, 43.2175 0.215, 43.2135 0.215, 43.2135 0.245)), ((43.266 0.245, 43.271 0.245, 43.271 0.215, 43.2725 0.215, 43.2725 0.185, 43.272200000000005 0.185, 43.272200000000005 0.155, 43.2672 0.155, 43.2672 0.185, 43.2675 0.185, 43.2675 0.215, 43.266 0.215, 43.266 0.245)), ((43.203 0.245, 43.208 0.245, 43.208 0.215, 43.2125 0.215, 43.2125 0.185, 43.2116 0.185, 43.2116 0.155, 43.2066 0.155, 43.2066 0.185, 43.2075 0.185, 43.2075 0.215, 43.203 0.215, 43.203 0.245)), ((43.2765 0.245, 43.2815 0.245, 43.2815 0.215, 43.2825 0.215, 43.2825 0.185, 43.282300000000006 0.185, 43.282300000000006 0.155, 43.277300000000004 0.155, 43.277300000000004 0.185, 43.2775 0.185, 43.2775 0.215, 43.2765 0.215, 43.2765 0.245)), ((43.2345 0.245, 43.2395 0.245, 43.2395 0.215, 43.2425 0.215, 43.2425 0.185, 43.2419 0.185, 43.2419 0.155, 43.2369 0.155, 43.2369 0.185, 43.2375 0.185, 43.2375 0.215, 43.2345 0.215, 43.2345 0.245)), ((43.2325 0.185, 43.2318 0.185, 43.2318 0.155, 43.226800000000004 0.155, 43.226800000000004 0.185, 43.2275 0.185, 43.2275 0.215, 43.224 0.215, 43.224 0.245, 43.229 0.245, 43.229 0.215, 43.2325 0.215, 43.2325 0.185)), ((43.1925 0.245, 43.1975 0.245, 43.1975 0.215, 43.1925 0.215, 43.1925 0.245)), ((43.1975 0.265, 43.2025 0.265, 43.2025 0.245, 43.1975 0.245, 43.1975 0.265)), ((43.3025 -0.265, 43.2975 -0.265, 43.2975 -0.245, 43.2975 -0.215, 43.2975 -0.185, 43.2975 -0.155, 43.2975 -0.135, 43.3025 -0.135, 43.3025 -0.155, 43.3025 -0.185, 43.3025 -0.215, 43.3025 -0.245, 43.3025 -0.265)), ((43.3535 -0.245, 43.3525 -0.245, 43.3525 -0.255, 43.3475 -0.255, 43.3475 -0.245, 43.3485 -0.245, 43.3485 -0.215, 43.3475 -0.215, 43.3475 -0.185, 43.34775 -0.185, 43.34775 -0.155, 43.3475 -0.155, 43.3475 -0.145, 43.3525 -0.145, 43.3525 -0.155, 43.35275 -0.155, 43.35275 -0.185, 43.3525 -0.185, 43.3525 -0.215, 43.3535 -0.215, 43.3535 -0.245)), ((43.307550000000006 -0.155, 43.31255 -0.155, 43.31255 -0.185, 43.3125 -0.185, 43.3125 -0.215, 43.31270000000001 -0.215, 43.31270000000001 -0.245, 43.307700000000004 -0.245, 43.307700000000004 -0.215, 43.3075 -0.215, 43.3075 -0.185, 43.307550000000006 -0.185, 43.307550000000006 -0.155)), ((43.377900000000004 -0.155, 43.3829 -0.155, 43.3829 -0.185, 43.3825 -0.185, 43.3825 -0.215, 43.3841 -0.215, 43.3841 -0.245, 43.3791 -0.245, 43.3791 -0.215, 43.3775 -0.215, 43.3775 -0.185, 43.377900000000004 -0.185, 43.377900000000004 -0.155)), ((43.36785 -0.155, 43.37285 -0.155, 43.37285 -0.185, 43.3725 -0.185, 43.3725 -0.215, 43.3739 -0.215, 43.3739 -0.245, 43.368900000000004 -0.245, 43.368900000000004 -0.215, 43.3675 -0.215, 43.3675 -0.185, 43.36785 -0.185, 43.36785 -0.155)), ((43.2925 -0.215, 43.292300000000004 -0.215, 43.292300000000004 -0.245, 43.2873 -0.245, 43.2873 -0.215, 43.2875 -0.215, 43.2875 -0.185, 43.28745000000001 -0.185, 43.28745000000001 -0.155, 43.29245 -0.155, 43.29245 -0.185, 43.2925 -0.185, 43.2925 -0.215)), ((43.3176 -0.155, 43.3226 -0.155, 43.3226 -0.185, 43.3225 -0.185, 43.3225 -0.215, 43.322900000000004 -0.215, 43.322900000000004 -0.245, 43.3179 -0.245, 43.3179 -0.215, 43.3175 -0.215, 43.3175 -0.185, 43.3176 -0.185, 43.3176 -0.155)), ((43.357800000000005 -0.155, 43.3628 -0.155, 43.3628 -0.185, 43.3625 -0.185, 43.3625 -0.215, 43.3637 -0.215, 43.3637 -0.245, 43.358700000000006 -0.245, 43.358700000000006 -0.215, 43.3575 -0.215, 43.3575 -0.185, 43.357800000000005 -0.185, 43.357800000000005 -0.155)), ((43.32765 -0.155, 43.33265 -0.155, 43.33265 -0.185, 43.3325 -0.185, 43.3325 -0.215, 43.3331 -0.215, 43.3331 -0.245, 43.3281 -0.245, 43.3281 -0.215, 43.3275 -0.215, 43.3275 -0.185, 43.32765 -0.185, 43.32765 -0.155)), ((43.392950000000006 -0.155, 43.392950000000006 -0.185, 43.3925 -0.185, 43.3925 -0.215, 43.3943 -0.215, 43.3943 -0.245, 43.389300000000006 -0.245, 43.389300000000006 -0.215, 43.3875 -0.215, 43.3875 -0.185, 43.387950000000004 -0.185, 43.387950000000004 -0.155, 43.392950000000006 -0.155)), ((43.3425 -0.215, 43.343300000000006 -0.215, 43.343300000000006 -0.245, 43.338300000000004 -0.245, 43.338300000000004 -0.215, 43.3375 -0.215, 43.3375 -0.185, 43.337700000000005 -0.185, 43.337700000000005 -0.155, 43.34270000000001 -0.155, 43.34270000000001 -0.185, 43.3425 -0.185, 43.3425 -0.215)), ((43.303999000000005 -0.0525, 43.318999000000005 -0.0525, 43.318999000000005 -0.0675, 43.303999000000005 -0.0675, 43.303999000000005 -0.0525)), ((43.280999 -0.0525, 43.295999 -0.0525, 43.295999 -0.0675, 43.280999 -0.0675, 43.280999 -0.0525)), ((43.331262 -0.058132, 43.341868000000005 -0.047525, 43.352475 -0.058132, 43.341868000000005 -0.068738, 43.331262 -0.058132)), ((43.340807999999996 -0.04505, 43.34505 -0.040808, 43.359192 -0.05495, 43.35495 -0.059192, 43.340807999999996 -0.04505)), ((43.347525000000005 -0.041868, 43.358132 -0.031262, 43.368738 -0.041868, 43.358132 -0.052475, 43.347525000000005 -0.041868)), ((43.320009 -0.012, 43.338009 -0.012, 43.338009 -0.038, 43.312008999999996 -0.038, 43.312008999999996 -0.02, 43.304009 -0.02, 43.304009 -0.004, 43.320009 -0.004, 43.320009 -0.012)), ((43.352499 -0.004, 43.367499 -0.004, 43.367499 -0.019, 43.352499 -0.019, 43.352499 -0.004)), ((43.21 0.003, 43.297 0.003, 43.297 0.09, 43.303 0.09, 43.303 0.003, 43.39 0.003, 43.39 -0.003, 43.303 -0.003, 43.303 -0.09, 43.297 -0.09, 43.297 -0.003, 43.21 -0.003, 43.21 0.003)), ((43.352499 0.019, 43.367499 0.019, 43.367499 0.004, 43.352499 0.004, 43.352499 0.019)), ((43.338009 0.012, 43.320009 0.012, 43.320009 0.004, 43.304009 0.004, 43.304009 0.02, 43.312008999999996 0.02, 43.312008999999996 0.038, 43.338009 0.038, 43.338009 0.012)), ((43.347525000000005 0.041868, 43.358132 0.052475, 43.368738 0.041868, 43.358132 0.031262, 43.347525000000005 0.041868)), ((43.340807999999996 0.04505, 43.35495 0.059192, 43.359192 0.05495, 43.34505 0.040808, 43.340807999999996 0.04505)), ((43.331262 0.058132, 43.341868000000005 0.068738, 43.352475 0.058132, 43.341868000000005 0.047525, 43.331262 0.058132)), ((43.280999 0.0675, 43.295999 0.0675, 43.295999 0.0525, 43.280999 0.0525, 43.280999 0.0675)), ((43.303999000000005 0.0675, 43.318999000000005 0.0675, 43.318999000000005 0.0525, 43.303999000000005 0.0525, 43.303999000000005 0.0675)), ((43.2975 0.215, 43.2975 0.245, 43.2975 0.265, 43.3025 0.265, 43.3025 0.245, 43.3025 0.215, 43.3025 0.185, 43.3025 0.155, 43.3025 0.135, 43.2975 0.135, 43.2975 0.155, 43.2975 0.185, 43.2975 0.215)), ((43.3475 0.155, 43.348 0.155, 43.348 0.185, 43.3475 0.185, 43.3475 0.215, 43.35 0.215, 43.35 0.245, 43.3475 0.245, 43.3475 0.255, 43.3525 0.255, 43.3525 0.245, 43.355 0.245, 43.355 0.215, 43.3525 0.215, 43.3525 0.185, 43.353 0.185, 43.353 0.155, 43.3525 0.155, 43.3525 0.145, 43.3475 0.145, 43.3475 0.155)), ((43.392 0.245, 43.397 0.245, 43.397 0.215, 43.3925 0.215, 43.3925 0.185, 43.3934 0.185, 43.3934 0.155, 43.388400000000004 0.155, 43.388400000000004 0.185, 43.3875 0.185, 43.3875 0.215, 43.392 0.215, 43.392 0.245)), ((43.329 0.245, 43.334 0.245, 43.334 0.215, 43.3325 0.215, 43.3325 0.185, 43.332800000000006 0.185, 43.332800000000006 0.155, 43.3278 0.155, 43.3278 0.185, 43.3275 0.185, 43.3275 0.215, 43.329 0.215, 43.329 0.245)), ((43.308 0.245, 43.313 0.245, 43.313 0.215, 43.3125 0.215, 43.3125 0.185, 43.312599999999996 0.185, 43.312599999999996 0.155, 43.3076 0.155, 43.3076 0.185, 43.3075 0.185, 43.3075 0.215, 43.308 0.215, 43.308 0.245)), ((43.371 0.245, 43.376 0.245, 43.376 0.215, 43.3725 0.215, 43.3725 0.185, 43.373200000000004 0.185, 43.373200000000004 0.155, 43.3682 0.155, 43.3682 0.185, 43.3675 0.185, 43.3675 0.215, 43.371 0.215, 43.371 0.245)), ((43.287 0.245, 43.292 0.245, 43.292 0.215, 43.2925 0.215, 43.2925 0.185, 43.2924 0.185, 43.2924 0.155, 43.2874 0.155, 43.2874 0.185, 43.2875 0.185, 43.2875 0.215, 43.287 0.215, 43.287 0.245)), ((43.3185 0.245, 43.3235 0.245, 43.3235 0.215, 43.3225 0.215, 43.3225 0.185, 43.322700000000005 0.185, 43.322700000000005 0.155, 43.3177 0.155, 43.3177 0.185, 43.3175 0.185, 43.3175 0.215, 43.3185 0.215, 43.3185 0.245)), ((43.3395 0.245, 43.3445 0.245, 43.3445 0.215, 43.3425 0.215, 43.3425 0.185, 43.3429 0.185, 43.3429 0.155, 43.337900000000005 0.155, 43.337900000000005 0.185, 43.3375 0.185, 43.3375 0.215, 43.3395 0.215, 43.3395 0.245)), ((43.3625 0.185, 43.363099999999996 0.185, 43.363099999999996 0.155, 43.3581 0.155, 43.3581 0.185, 43.3575 0.185, 43.3575 0.215, 43.3605 0.215, 43.3605 0.245, 43.3655 0.245, 43.3655 0.215, 43.3625 0.215, 43.3625 0.185)), ((43.3815 0.245, 43.3865 0.245, 43.3865 0.215, 43.3825 0.215, 43.3825 0.185, 43.383300000000006 0.185, 43.383300000000006 0.155, 43.3783 0.155, 43.3783 0.185, 43.3775 0.185, 43.3775 0.215, 43.3815 0.215, 43.3815 0.245)), ((43.4025 -0.135, 43.4025 -0.155, 43.403 -0.155, 43.403 -0.185, 43.4025 -0.185, 43.4025 -0.215, 43.4045 -0.215, 43.4045 -0.245, 43.4025 -0.245, 43.4025 -0.265, 43.3975 -0.265, 43.3975 -0.245, 43.3995 -0.245, 43.3995 -0.215, 43.3975 -0.215, 43.3975 -0.185, 43.398 -0.185, 43.398 -0.155, 43.3975 -0.155, 43.3975 -0.135, 43.4025 -0.135)), ((43.477 -0.118, 43.477 -0.122, 43.475 -0.122, 43.475 -0.118, 43.477 -0.118)), ((43.461 -0.115, 43.461 -0.118, 43.467 -0.118, 43.469 -0.12, 43.469 -0.125, 43.467 -0.127, 43.461 -0.127, 43.459 -0.125, 43.459 -0.123, 43.461 -0.123, 43.461 -0.124, 43.462 -0.125, 43.466 -0.125, 43.467 -0.124, 43.467 -0.121, 43.466 -0.12, 43.459 -0.12, 43.459 -0.113, 43.469 -0.113, 43.469 -0.115, 43.461 -0.115)), ((43.521 -0.113, 43.523 -0.115, 43.523 -0.12, 43.521 -0.122, 43.516 -0.122, 43.515 -0.123, 43.515 -0.125, 43.523 -0.125, 43.523 -0.127, 43.513 -0.127, 43.513 -0.122, 43.515 -0.12, 43.52 -0.12, 43.521 -0.119, 43.521 -0.116, 43.52 -0.115, 43.516 -0.115, 43.515 -0.116, 43.515 -0.117, 43.513 -0.117, 43.513 -0.115, 43.515 -0.113, 43.521 -0.113)), ((43.535 -0.115, 43.535 -0.125, 43.533 -0.127, 43.527 -0.127, 43.525 -0.125, 43.525 -0.115, 43.527 -0.113, 43.533 -0.113, 43.535 -0.115), (43.532 -0.115, 43.528 -0.115, 43.527 -0.116, 43.527 -0.124, 43.528 -0.125, 43.532 -0.125, 43.533 -0.124, 43.533 -0.116, 43.532 -0.115)), ((43.529 -0.118, 43.531 -0.118, 43.531 -0.122, 43.529 -0.122, 43.529 -0.118)), ((43.481 -0.115, 43.481 -0.125, 43.479 -0.127, 43.473 -0.127, 43.471 -0.125, 43.471 -0.115, 43.473 -0.113, 43.479 -0.113, 43.481 -0.115), (43.478 -0.115, 43.474 -0.115, 43.473 -0.116, 43.473 -0.124, 43.474 -0.125, 43.478 -0.125, 43.479 -0.124, 43.479 -0.116, 43.478 -0.115)), ((43.435 -0.1025, 43.435 -0.0975, 43.455 -0.0975, 43.455 -0.098, 43.485 -0.098, 43.485 -0.0975, 43.515 -0.0975, 43.515 -0.0995, 43.545 -0.0995, 43.545 -0.0975, 43.565 -0.0975, 43.565 -0.1025, 43.545 -0.1025, 43.545 -0.1045, 43.515 -0.1045, 43.515 -0.1025, 43.485 -0.1025, 43.485 -0.103, 43.455 -0.103, 43.455 -0.1025, 43.435 -0.1025)), ((43.515 -0.0893, 43.545 -0.0893, 43.545 -0.0943, 43.515 -0.0943, 43.515 -0.0925, 43.485 -0.0925, 43.485 -0.09295, 43.455 -0.09295, 43.455 -0.08795, 43.485 -0.08795, 43.485 -0.0875, 43.515 -0.0875, 43.515 -0.0893)), ((43.455 -0.0779, 43.485 -0.0779, 43.485 -0.0775, 43.515 -0.0775, 43.515 -0.0791, 43.545 -0.0791, 43.545 -0.0841, 43.515 -0.0841, 43.515 -0.0825, 43.485 -0.0825, 43.485 -0.0829, 43.455 -0.0829, 43.455 -0.0779)), ((43.515 -0.0689, 43.545 -0.0689, 43.545 -0.0739, 43.515 -0.0739, 43.515 -0.0725, 43.485 -0.0725, 43.485 -0.07285, 43.455 -0.07285, 43.455 -0.06785, 43.485 -0.06785, 43.485 -0.0675, 43.515 -0.0675, 43.515 -0.0689)), ((43.515 -0.0587, 43.545 -0.0587, 43.545 -0.0637, 43.515 -0.0637, 43.515 -0.0625, 43.485 -0.0625, 43.485 -0.0628, 43.455 -0.0628, 43.455 -0.0578, 43.485 -0.0578, 43.485 -0.0575, 43.515 -0.0575, 43.515 -0.0587)), ((43.455 -0.04775, 43.485 -0.04775, 43.485 -0.0475, 43.515 -0.0475, 43.515 -0.0485, 43.545 -0.0485, 43.545 -0.0475, 43.555 -0.0475, 43.555 -0.0525, 43.545 -0.0525, 43.545 -0.0535, 43.515 -0.0535, 43.515 -0.0525, 43.485 -0.0525, 43.485 -0.05275, 43.455 -0.05275, 43.455 -0.0525, 43.445 -0.0525, 43.445 -0.0475, 43.455 -0.0475, 43.455 -0.04775)), ((43.455 -0.0377, 43.485 -0.0377, 43.485 -0.0375, 43.515 -0.0375, 43.515 -0.0383, 43.545 -0.0383, 43.545 -0.0433, 43.515 -0.0433, 43.515 -0.0425, 43.485 -0.0425, 43.485 -0.0427, 43.455 -0.0427, 43.455 -0.0377)), ((43.515 -0.0281, 43.545 -0.0281, 43.545 -0.0331, 43.515 -0.0331, 43.515 -0.0325, 43.485 -0.0325, 43.485 -0.03265, 43.455 -0.03265, 43.455 -0.02765, 43.485 -0.02765, 43.485 -0.0275, 43.515 -0.0275, 43.515 -0.0281)), ((43.515 -0.0179, 43.545 -0.0179, 43.545 -0.0229, 43.515 -0.0229, 43.515 -0.0225, 43.485 -0.0225, 43.485 -0.0226, 43.455 -0.0226, 43.455 -0.0176, 43.485 -0.0176, 43.485 -0.0175, 43.515 -0.0175, 43.515 -0.0179)), ((43.455 -0.00755, 43.485 -0.00755, 43.485 -0.0075, 43.515 -0.0075, 43.515 -0.0077, 43.545 -0.0077, 43.545 -0.0127, 43.515 -0.0127, 43.515 -0.0125, 43.485 -0.0125, 43.485 -0.01255, 43.455 -0.01255, 43.455 -0.00755)), ((43.515 0.0025, 43.545 0.0025, 43.565 0.0025, 43.565 -0.0025, 43.545 -0.0025, 43.515 -0.0025, 43.485 -0.0025, 43.455 -0.0025, 43.435 -0.0025, 43.435 0.0025, 43.455 0.0025, 43.485 0.0025, 43.515 0.0025)), ((43.545 0.0077, 43.515 0.0077, 43.515 0.0075, 43.485 0.0075, 43.485 0.00755, 43.455 0.00755, 43.455 0.01255, 43.485 0.01255, 43.485 0.0125, 43.515 0.0125, 43.515 0.0127, 43.545 0.0127, 43.545 0.0077)), ((43.545 0.0179, 43.515 0.0179, 43.515 0.0175, 43.485 0.0175, 43.485 0.0176, 43.455 0.0176, 43.455 0.0226, 43.485 0.0226, 43.485 0.0225, 43.515 0.0225, 43.515 0.0229, 43.545 0.0229, 43.545 0.0179)), ((43.545 0.0281, 43.515 0.0281, 43.515 0.0275, 43.485 0.0275, 43.485 0.02765, 43.455 0.02765, 43.455 0.03265, 43.485 0.03265, 43.485 0.0325, 43.515 0.0325, 43.515 0.0331, 43.545 0.0331, 43.545 0.0281)), ((43.545 0.0383, 43.515 0.0383, 43.515 0.0375, 43.485 0.0375, 43.485 0.0377, 43.455 0.0377, 43.455 0.0427, 43.485 0.0427, 43.485 0.0425, 43.515 0.0425, 43.515 0.0433, 43.545 0.0433, 43.545 0.0383)), ((43.485 0.0525, 43.515 0.0525, 43.515 0.0535, 43.545 0.0535, 43.545 0.0525, 43.555 0.0525, 43.555 0.0475, 43.545 0.0475, 43.545 0.0485, 43.515 0.0485, 43.515 0.0475, 43.485 0.0475, 43.485 0.04775, 43.455 0.04775, 43.455 0.0475, 43.445 0.0475, 43.445 0.0525, 43.455 0.0525, 43.455 0.05275, 43.485 0.05275, 43.485 0.0525)), ((43.545 0.0587, 43.515 0.0587, 43.515 0.0575, 43.485 0.0575, 43.485 0.0578, 43.455 0.0578, 43.455 0.0628, 43.485 0.0628, 43.485 0.0625, 43.515 0.0625, 43.515 0.0637, 43.545 0.0637, 43.545 0.0587)), ((43.545 0.0689, 43.515 0.0689, 43.515 0.0675, 43.485 0.0675, 43.485 0.06785, 43.455 0.06785, 43.455 0.07285, 43.485 0.07285, 43.485 0.0725, 43.515 0.0725, 43.515 0.0739, 43.545 0.0739, 43.545 0.0689)), ((43.545 0.0791, 43.515 0.0791, 43.515 0.0775, 43.485 0.0775, 43.485 0.0779, 43.455 0.0779, 43.455 0.0829, 43.485 0.0829, 43.485 0.0825, 43.515 0.0825, 43.515 0.0841, 43.545 0.0841, 43.545 0.0791)), ((43.545 0.0893, 43.515 0.0893, 43.515 0.0875, 43.485 0.0875, 43.485 0.08795, 43.455 0.08795, 43.455 0.09295, 43.485 0.09295, 43.485 0.0925, 43.515 0.0925, 43.515 0.0943, 43.545 0.0943, 43.545 0.0893)), ((43.485 0.1025, 43.515 0.1025, 43.515 0.1045, 43.545 0.1045, 43.545 0.1025, 43.565 0.1025, 43.565 0.0975, 43.545 0.0975, 43.545 0.0995, 43.515 0.0995, 43.515 0.0975, 43.485 0.0975, 43.485 0.098, 43.455 0.098, 43.455 0.0975, 43.435 0.0975, 43.435 0.1025, 43.455 0.1025, 43.455 0.103, 43.485 0.103, 43.485 0.1025)), ((43.4035 0.155, 43.4025 0.155, 43.4025 0.135, 43.3975 0.135, 43.3975 0.155, 43.3985 0.155, 43.3985 0.185, 43.3975 0.185, 43.3975 0.215, 43.4025 0.215, 43.4025 0.185, 43.4035 0.185, 43.4035 0.155)), ((43.415859000000005 0.163118, 43.415859000000005 0.165118, 43.419859 0.165118, 43.419859 0.173118, 43.418859000000005 0.173118, 43.416859 0.171118, 43.415859000000005 0.171118, 43.415859000000005 0.173118, 43.419859 0.177118, 43.421859000000005 0.177118, 43.421859000000005 0.165118, 43.425859 0.165118, 43.425859 0.163118, 43.415859000000005 0.163118)), ((43.465859 0.173118, 43.465859 0.163118, 43.46385900000001 0.163118, 43.46385900000001 0.177118, 43.465859 0.177118, 43.467859000000004 0.175118, 43.46985900000001 0.175118, 43.471859 0.177118, 43.473859000000004 0.177118, 43.473859000000004 0.163118, 43.471859 0.163118, 43.471859 0.173118, 43.470859000000004 0.173118, 43.468859 0.171118, 43.46685900000001 0.173118, 43.465859 0.173118)), ((43.443859 0.172118, 43.445859000000006 0.172118, 43.445859000000006 0.168118, 43.443859 0.168118, 43.443859 0.172118)), ((43.451859000000006 0.163118, 43.451859000000006 0.177118, 43.453859 0.177118, 43.458859000000004 0.172118, 43.459859 0.172118, 43.459859 0.177118, 43.461859000000004 0.177118, 43.461859000000004 0.163118, 43.459859 0.163118, 43.459859 0.168118, 43.454859000000006 0.173118, 43.453859 0.173118, 43.453859 0.163118, 43.451859000000006 0.163118)), ((43.431859 0.172118, 43.433859000000005 0.172118, 43.433859000000005 0.168118, 43.431859 0.168118, 43.431859 0.172118)), ((43.435859 0.163118, 43.42985900000001 0.163118, 43.427859000000005 0.165118, 43.427859000000005 0.175118, 43.42985900000001 0.177118, 43.435859 0.177118, 43.437859 0.175118, 43.437859 0.165118, 43.435859 0.163118), (43.435859 0.166118, 43.435859 0.174118, 43.434859 0.175118, 43.430859000000005 0.175118, 43.42985900000001 0.174118, 43.42985900000001 0.166118, 43.430859000000005 0.165118, 43.434859 0.165118, 43.435859 0.166118)), ((43.447859 0.163118, 43.441859 0.163118, 43.439859000000006 0.165118, 43.439859000000006 0.175118, 43.441859 0.177118, 43.447859 0.177118, 43.449859000000004 0.175118, 43.449859000000004 0.165118, 43.447859 0.163118), (43.447859 0.166118, 43.447859 0.174118, 43.446859 0.175118, 43.442859000000006 0.175118, 43.441859 0.174118, 43.441859 0.166118, 43.442859000000006 0.165118, 43.446859 0.165118, 43.447859 0.166118)), ((43.4075 0.245, 43.4075 0.215, 43.4025 0.215, 43.4025 0.245, 43.4075 0.245)), ((43.435859 0.223524, 43.42985900000001 0.223524, 43.427859000000005 0.225524, 43.427859000000005 0.235524, 43.42985900000001 0.237524, 43.435859 0.237524, 43.437859 0.235524, 43.437859 0.225524, 43.435859 0.223524), (43.435859 0.226524, 43.435859 0.234524, 43.434859 0.235524, 43.430859000000005 0.235524, 43.42985900000001 0.234524, 43.42985900000001 0.226524, 43.430859000000005 0.225524, 43.434859 0.225524, 43.435859 0.226524)), ((43.447859 0.223524, 43.441859 0.223524, 43.439859000000006 0.225524, 43.439859000000006 0.235524, 43.441859 0.237524, 43.447859 0.237524, 43.449859000000004 0.235524, 43.449859000000004 0.225524, 43.447859 0.223524), (43.447859 0.226524, 43.447859 0.234524, 43.446859 0.235524, 43.442859000000006 0.235524, 43.441859 0.234524, 43.441859 0.226524, 43.442859000000006 0.225524, 43.446859 0.225524, 43.447859 0.226524)), ((43.431859 0.232524, 43.433859000000005 0.232524, 43.433859000000005 0.228524, 43.431859 0.228524, 43.431859 0.232524)), ((43.465859 0.233524, 43.465859 0.223524, 43.46385900000001 0.223524, 43.46385900000001 0.237524, 43.465859 0.237524, 43.467859000000004 0.235524, 43.46985900000001 0.235524, 43.471859 0.237524, 43.473859000000004 0.237524, 43.473859000000004 0.223524, 43.471859 0.223524, 43.471859 0.233524, 43.470859000000004 0.233524, 43.468859 0.231524, 43.46685900000001 0.233524, 43.465859 0.233524)), ((43.443859 0.232524, 43.445859000000006 0.232524, 43.445859000000006 0.228524, 43.443859 0.228524, 43.443859 0.232524)), ((43.41785900000001 0.235524, 43.41785900000001 0.232524, 43.42385900000001 0.232524, 43.425859 0.230524, 43.425859 0.225524, 43.42385900000001 0.223524, 43.41785900000001 0.223524, 43.415859000000005 0.225524, 43.415859000000005 0.227524, 43.41785900000001 0.227524, 43.41785900000001 0.226524, 43.418859000000005 0.225524, 43.422859 0.225524, 43.42385900000001 0.226524, 43.42385900000001 0.229524, 43.422859 0.230524, 43.415859000000005 0.230524, 43.415859000000005 0.237524, 43.425859 0.237524, 43.425859 0.235524, 43.41785900000001 0.235524)), ((43.451859000000006 0.223524, 43.451859000000006 0.237524, 43.453859 0.237524, 43.458859000000004 0.232524, 43.459859 0.232524, 43.459859 0.237524, 43.461859000000004 0.237524, 43.461859000000004 0.223524, 43.459859 0.223524, 43.459859 0.228524, 43.454859000000006 0.233524, 43.453859 0.233524, 43.453859 0.223524, 43.451859000000006 0.223524)), ((43.4025 0.265, 43.4025 0.245, 43.3975 0.245, 43.3975 0.265, 43.4025 0.265)), ((43.547 -0.115, 43.547 -0.125, 43.545 -0.127, 43.539 -0.127, 43.537 -0.125, 43.537 -0.115, 43.539 -0.113, 43.545 -0.113, 43.547 -0.115), (43.544 -0.115, 43.54 -0.115, 43.539 -0.116, 43.539 -0.124, 43.54 -0.125, 43.544 -0.125, 43.545 -0.124, 43.545 -0.116, 43.544 -0.115)), ((43.543 -0.118, 43.543 -0.122, 43.541 -0.122, 43.541 -0.118, 43.543 -0.118)), ((45.407353 0.450062, 45.707353000000005 0.450062, 45.707353000000005 0.450063, 46.007353 0.450063, 46.007353 0.450062, 46.307353000000006 0.450062, 46.307353000000006 0.150063, 46.307353000000006 0.135062, 46.307353000000006 -0.134938, 46.307353000000006 -0.149938, 46.307353000000006 -0.449938, 46.007353 -0.449938, 45.992353 -0.449938, 45.722353000000005 -0.449938, 45.707353000000005 -0.449938, 45.407353 -0.449938, 45.407353 -0.149938, 45.407353 -0.134938, 45.407353 0.135062, 45.407353 0.150063, 45.407353 0.450062)), ((44.626919 -0.024938, 44.626919 -0.022438, 44.626919 0.022562, 44.626919 0.025063, 44.626919 0.075062, 44.676919000000005 0.075062, 44.676919000000005 0.075063, 44.726919 0.075063, 44.726919 0.075062, 44.776919 0.075062, 44.776919 0.025063, 44.776919 0.022562, 44.776919 -0.022438, 44.776919 -0.024938, 44.776919 -0.074938, 44.726919 -0.074938, 44.724419000000005 -0.074938, 44.679419 -0.074938, 44.676919000000005 -0.074938, 44.626919 -0.074938, 44.626919 -0.024938)), ((43.725122999999996 -0.0075, 43.725162000000005 0.0025, 43.725201 0.0125, 43.72524 0.0225, 43.725279 0.0325, 43.725318 0.0425, 43.725357 0.0525, 43.725396 0.0625, 43.725435 0.0725, 43.725474000000006 0.0825, 43.725513 0.0925, 43.725552 0.1025, 43.725756999999994 0.155, 43.725992 0.215, 43.726188 0.265, 43.726199 0.267835, 43.725136 0.268898, 44.271435 0.268898, 44.271435 -0.276338, 43.724074 -0.276338, 43.724196000000006 -0.245, 43.72443 -0.185, 43.724625 -0.135, 43.724772 -0.0975, 43.724811 -0.0875, 43.724849999999996 -0.0775, 43.724889000000005 -0.0675, 43.724928 -0.0575, 43.72496700000001 -0.0475, 43.725006 -0.0375, 43.725045 -0.0275, 43.725084 -0.0175, 43.725122999999996 -0.0075), (43.94220000000001 -0.185, 43.9375 -0.185, 43.9375 -0.215, 43.941300000000005 -0.215, 43.9425 -0.215, 43.9425 -0.185, 43.94220000000001 -0.185), (43.962300000000006 -0.185, 43.9575 -0.185, 43.9575 -0.215, 43.96170000000001 -0.215, 43.9625 -0.215, 43.9625 -0.185, 43.962300000000006 -0.185), (43.93215 -0.185, 43.9275 -0.185, 43.9275 -0.215, 43.9311 -0.215, 43.9325 -0.215, 43.9325 -0.185, 43.93215 -0.185), (43.91205 -0.185, 43.9075 -0.185, 43.9075 -0.215, 43.910700000000006 -0.215, 43.9125 -0.215, 43.9125 -0.185, 43.91205 -0.185), (43.95225 -0.185, 43.9475 -0.185, 43.9475 -0.215, 43.9515 -0.215, 43.9525 -0.215, 43.9525 -0.185, 43.95225 -0.185), (43.9525 -0.245, 43.9515 -0.245, 43.9475 -0.245, 43.9475 -0.255, 43.9525 -0.255, 43.9525 -0.245), (43.9824 -0.185, 43.9775 -0.185, 43.9775 -0.215, 43.982099999999996 -0.215, 43.9825 -0.215, 43.9825 -0.185, 43.9824 -0.185), (43.97235 -0.185, 43.9675 -0.185, 43.9675 -0.215, 43.9719 -0.215, 43.9725 -0.215, 43.9725 -0.185, 43.97235 -0.185), (43.9221 -0.185, 43.9175 -0.185, 43.9175 -0.215, 43.9209 -0.215, 43.9225 -0.215, 43.9225 -0.185, 43.9221 -0.185), (43.902 -0.185, 43.8975 -0.185, 43.8975 -0.215, 43.9005 -0.215, 43.9025 -0.215, 43.9025 -0.185, 43.902 -0.185), (43.9025 -0.245, 43.9005 -0.245, 43.8975 -0.245, 43.8975 -0.265, 43.9025 -0.265, 43.9025 -0.245), (43.9475 -0.155, 43.95225 -0.155, 43.9525 -0.155, 43.9525 -0.145, 43.9475 -0.145, 43.9475 -0.155), (43.8975 -0.135, 43.8975 -0.155, 43.902 -0.155, 43.9025 -0.155, 43.9025 -0.145, 43.9025 -0.135, 43.8975 -0.135), (43.845 -0.0985, 43.845 -0.1025, 43.865 -0.1025, 43.865 -0.0975, 43.845 -0.0975, 43.845 -0.0985), (43.815 -0.1025, 43.815 -0.0985, 43.815 -0.0975, 43.785 -0.0975, 43.785 -0.1025, 43.815 -0.1025), (43.785 -0.0875, 43.785 -0.092, 43.785 -0.0925, 43.815 -0.0925, 43.815 -0.0884, 43.815 -0.0875, 43.785 -0.0875), (43.785 -0.0775, 43.785 -0.0815, 43.785 -0.0825, 43.815 -0.0825, 43.815 -0.0783, 43.815 -0.0775, 43.785 -0.0775), (43.785 -0.0675, 43.785 -0.071, 43.785 -0.0725, 43.815 -0.0725, 43.815 -0.0682, 43.815 -0.0675, 43.785 -0.0675), (43.785 -0.0575, 43.785 -0.0605, 43.785 -0.0625, 43.815 -0.0625, 43.815 -0.0581, 43.815 -0.0575, 43.785 -0.0575), (43.755 -0.0525, 43.755 -0.05, 43.755 -0.0475, 43.745 -0.0475, 43.745 -0.0525, 43.755 -0.0525), (43.785 -0.0475, 43.785 -0.05, 43.785 -0.0525, 43.815 -0.0525, 43.815 -0.048, 43.815 -0.0475, 43.785 -0.0475), (43.845 -0.048, 43.845 -0.0525, 43.855 -0.0525, 43.855 -0.0475, 43.845 -0.0475, 43.845 -0.048), (43.815 -0.0375, 43.785 -0.0375, 43.785 -0.0395, 43.785 -0.0425, 43.815 -0.0425, 43.815 -0.040808, 43.815 -0.0379, 43.815 -0.0375), (43.785 -0.0275, 43.785 -0.029, 43.785 -0.0325, 43.815 -0.0325, 43.815 -0.0278, 43.815 -0.0275, 43.785 -0.0275), (43.785 -0.0175, 43.785 -0.0185, 43.785 -0.0225, 43.815 -0.0225, 43.815 -0.0177, 43.815 -0.0175, 43.785 -0.0175), (43.785 -0.0075, 43.785 -0.008, 43.785 -0.0125, 43.815 -0.0125, 43.815 -0.0076, 43.815 -0.0075, 43.785 -0.0075), (43.815 0.0025, 43.785 0.0025, 43.785 -0.0025, 43.815 -0.0025, 43.815 0.0025), (43.845 -0.0025, 43.865 -0.0025, 43.865 0.0025, 43.845 0.0025, 43.845 -0.0025), (43.755 0.0025, 43.735 0.0025, 43.735 -0.0025, 43.755 -0.0025, 43.755 0.0025), (43.815 0.0075, 43.815 0.0076, 43.815 0.0125, 43.785 0.0125, 43.785 0.008, 43.785 0.0075, 43.815 0.0075), (43.815 0.0175, 43.815 0.0177, 43.815 0.0225, 43.785 0.0225, 43.785 0.0185, 43.785 0.0175, 43.815 0.0175), (43.815 0.0275, 43.815 0.0278, 43.815 0.0325, 43.785 0.0325, 43.785 0.029, 43.785 0.0275, 43.815 0.0275), (43.815 0.0375, 43.815 0.0379, 43.815 0.0425, 43.785 0.0425, 43.785 0.0395, 43.785 0.0375, 43.815 0.0375), (43.815 0.0475, 43.815 0.048, 43.815 0.0525, 43.785 0.0525, 43.785 0.05, 43.785 0.0475, 43.815 0.0475), (43.845 0.0525, 43.845 0.048, 43.845 0.0475, 43.855 0.0475, 43.855 0.0525, 43.845 0.0525), (43.755 0.05, 43.755 0.0525, 43.745 0.0525, 43.745 0.0475, 43.755 0.0475, 43.755 0.05), (43.785 0.0575, 43.815 0.0575, 43.815 0.0581, 43.815 0.058192, 43.815 0.0625, 43.785 0.0625, 43.785 0.0605, 43.785 0.0575), (43.815 0.0675, 43.815 0.0682, 43.815 0.0725, 43.785 0.0725, 43.785 0.071, 43.785 0.0675, 43.815 0.0675), (43.815 0.0775, 43.815 0.0783, 43.815 0.0825, 43.785 0.0825, 43.785 0.0815, 43.785 0.0775, 43.815 0.0775), (43.785 0.0875, 43.815 0.0875, 43.815 0.0884, 43.815 0.09, 43.815 0.0925, 43.785 0.0925, 43.785 0.092, 43.785 0.0875), (43.815 0.0985, 43.815 0.1025, 43.785 0.1025, 43.785 0.0975, 43.815 0.0975, 43.815 0.0985), (43.845 0.1025, 43.845 0.0985, 43.845 0.0975, 43.865 0.0975, 43.865 0.1025, 43.845 0.1025), (43.9075 0.215, 43.9075 0.185, 43.9116 0.185, 43.9125 0.185, 43.9125 0.215, 43.908 0.215, 43.9075 0.215), (43.9275 0.215, 43.9275 0.185, 43.9318 0.185, 43.9325 0.185, 43.9325 0.215, 43.929 0.215, 43.9275 0.215), (43.9475 0.215, 43.9475 0.185, 43.952 0.185, 43.9525 0.185, 43.9525 0.215, 43.95 0.215, 43.9475 0.215), (43.952 0.155, 43.9475 0.155, 43.9475 0.145, 43.9525 0.145, 43.9525 0.155, 43.952 0.155), (43.8975 0.185, 43.9015 0.185, 43.9025 0.185, 43.9025 0.215, 43.8975 0.215, 43.8975 0.185), (43.9015 0.155, 43.8975 0.155, 43.8975 0.135, 43.9025 0.135, 43.9025 0.155, 43.9015 0.155), (43.9775 0.215, 43.9775 0.185, 43.9823 0.185, 43.9825 0.185, 43.9825 0.215, 43.9815 0.215, 43.9775 0.215), (43.9375 0.215, 43.9375 0.185, 43.941900000000004 0.185, 43.9425 0.185, 43.9425 0.215, 43.9395 0.215, 43.9375 0.215), (43.9575 0.215, 43.9575 0.185, 43.9621 0.185, 43.9625 0.185, 43.9625 0.215, 43.9605 0.215, 43.9575 0.215), (43.9175 0.215, 43.9175 0.185, 43.9217 0.185, 43.9225 0.185, 43.9225 0.215, 43.9185 0.215, 43.9175 0.215), (43.9675 0.215, 43.9675 0.185, 43.9722 0.185, 43.9725 0.185, 43.9725 0.215, 43.971 0.215, 43.9675 0.215), (43.9475 0.245, 43.95 0.245, 43.9525 0.245, 43.9525 0.255, 43.9475 0.255, 43.9475 0.245), (43.9925 0.215, 43.992 0.215, 43.9875 0.215, 43.9875 0.185, 43.9924 0.185, 43.9925 0.185, 43.9925 0.215), (44.0175 -0.215, 44.017900000000004 -0.215, 44.0225 -0.215, 44.0225 -0.185, 44.0176 -0.185, 44.0175 -0.185, 44.0175 -0.215), (44.0025 -0.215, 44.0025 -0.185, 43.9975 -0.185, 43.9975 -0.215, 44.0025 -0.215), (43.9975 -0.245, 43.9975 -0.265, 44.0025 -0.265, 44.0025 -0.245, 43.9975 -0.245), (44.0875 -0.215, 44.0893 -0.215, 44.0925 -0.215, 44.0925 -0.185, 44.087950000000006 -0.185, 44.0875 -0.185, 44.0875 -0.215), (44.0075 -0.215, 44.00770000000001 -0.215, 44.0125 -0.215, 44.0125 -0.185, 44.00755 -0.185, 44.0075 -0.185, 44.0075 -0.215), (44.0825 -0.215, 44.0825 -0.185, 44.0779 -0.185, 44.0775 -0.185, 44.0775 -0.215, 44.0791 -0.215, 44.0825 -0.215), (44.0475 -0.245, 44.0475 -0.255, 44.0525 -0.255, 44.0525 -0.245, 44.0485 -0.245, 44.0475 -0.245), (44.0525 -0.215, 44.0525 -0.185, 44.04775 -0.185, 44.0475 -0.185, 44.0475 -0.215, 44.0485 -0.215, 44.0525 -0.215), (44.0425 -0.215, 44.0425 -0.185, 44.0377 -0.185, 44.0375 -0.185, 44.0375 -0.215, 44.0383 -0.215, 44.0425 -0.215), (44.0975 -0.245, 44.0975 -0.265, 44.1025 -0.265, 44.1025 -0.245, 44.0995 -0.245, 44.0975 -0.245), (44.1025 -0.215, 44.1025 -0.185, 44.098 -0.185, 44.0975 -0.185, 44.0975 -0.215, 44.0995 -0.215, 44.1025 -0.215), (43.9923 -0.215, 43.9925 -0.215, 43.9925 -0.185, 43.992450000000005 -0.185, 43.9875 -0.185, 43.9875 -0.215, 43.9923 -0.215), (44.0325 -0.215, 44.0325 -0.185, 44.02765 -0.185, 44.0275 -0.185, 44.0275 -0.215, 44.0281 -0.215, 44.0325 -0.215), (44.0625 -0.215, 44.0625 -0.185, 44.0578 -0.185, 44.0575 -0.185, 44.0575 -0.215, 44.0587 -0.215, 44.0625 -0.215), (44.0725 -0.215, 44.0725 -0.185, 44.06785 -0.185, 44.0675 -0.185, 44.0675 -0.215, 44.0689 -0.215, 44.0725 -0.215), (44.1025 -0.135, 44.0975 -0.135, 44.0975 -0.155, 44.098 -0.155, 44.1025 -0.155, 44.1025 -0.135), (44.0025 -0.145, 44.0025 -0.135, 43.9975 -0.135, 43.9975 -0.155, 44.0025 -0.155, 44.0025 -0.145), (44.0525 -0.145, 44.0475 -0.145, 44.0475 -0.155, 44.04775 -0.155, 44.0525 -0.155, 44.0525 -0.145), (44.265 -0.1025, 44.265 -0.0975, 44.245 -0.0975, 44.245 -0.0995, 44.245 -0.1025, 44.265 -0.1025), (44.215 -0.0995, 44.215 -0.0975, 44.185 -0.0975, 44.185 -0.098, 44.185 -0.1025, 44.215 -0.1025, 44.215 -0.0995), (44.155 -0.0975, 44.135 -0.0975, 44.135 -0.1025, 44.155 -0.1025, 44.155 -0.098, 44.155 -0.0975), (44.215 -0.0893, 44.215 -0.0875, 44.185 -0.0875, 44.185 -0.08795, 44.185 -0.0925, 44.215 -0.0925, 44.215 -0.0893), (44.215 -0.0791, 44.215 -0.0775, 44.185 -0.0775, 44.185 -0.0779, 44.185 -0.0825, 44.215 -0.0825, 44.215 -0.0791), (44.215 -0.0675, 44.185 -0.0675, 44.185 -0.06785, 44.185 -0.0725, 44.215 -0.0725, 44.215 -0.0689, 44.215 -0.0675), (44.215 -0.0575, 44.185 -0.0575, 44.185 -0.0578, 44.185 -0.0625, 44.215 -0.0625, 44.215 -0.0587, 44.215 -0.0575), (44.255 -0.0475, 44.245 -0.0475, 44.245 -0.0485, 44.245 -0.0525, 44.255 -0.0525, 44.255 -0.0475), (44.215 -0.0475, 44.185 -0.0475, 44.185 -0.04775, 44.185 -0.0525, 44.215 -0.0525, 44.215 -0.0485, 44.215 -0.0475), (44.145 -0.0475, 44.145 -0.0525, 44.155 -0.0525, 44.155 -0.04775, 44.155 -0.0475, 44.145 -0.0475), (44.215 -0.0375, 44.185 -0.0375, 44.185 -0.0377, 44.185 -0.0425, 44.215 -0.0425, 44.215 -0.0383, 44.215 -0.0375), (44.185 -0.0275, 44.185 -0.02765, 44.185 -0.0325, 44.215 -0.0325, 44.215 -0.0281, 44.215 -0.0275, 44.185 -0.0275), (44.185 -0.0175, 44.185 -0.0176, 44.185 -0.0225, 44.215 -0.0225, 44.215 -0.0179, 44.215 -0.0175, 44.185 -0.0175), (44.185 -0.0075, 44.185 -0.00755, 44.185 -0.0125, 44.215 -0.0125, 44.215 -0.0077, 44.215 -0.0075, 44.185 -0.0075), (43.9025 0.255, 43.9025 0.265, 43.8975 0.265, 43.8975 0.245, 43.9025 0.245, 43.9025 0.255), (44.0025 0.255, 44.0025 0.265, 43.9975 0.265, 43.9975 0.245, 44.0025 0.245, 44.0025 0.255), (44.0975 0.245, 44.1025 0.245, 44.1025 0.265, 44.0975 0.265, 44.0975 0.245), (44.0475 0.255, 44.0475 0.245, 44.05 0.245, 44.0525 0.245, 44.0525 0.255, 44.0475 0.255), (43.9975 0.185, 44.0025 0.185, 44.0025 0.215, 43.9975 0.215, 43.9975 0.185), (44.0125 0.215, 44.008 0.215, 44.0075 0.215, 44.0075 0.185, 44.0076 0.185, 44.0125 0.185, 44.0125 0.215), (44.0225 0.215, 44.0185 0.215, 44.0175 0.215, 44.0175 0.185, 44.017700000000005 0.185, 44.0225 0.185, 44.0225 0.215), (44.0325 0.215, 44.029 0.215, 44.0275 0.215, 44.0275 0.185, 44.027800000000006 0.185, 44.0325 0.185, 44.0325 0.215), (44.0425 0.215, 44.0395 0.215, 44.0375 0.215, 44.0375 0.185, 44.0379 0.185, 44.0425 0.185, 44.0425 0.215), (44.0525 0.215, 44.05 0.215, 44.0475 0.215, 44.0475 0.185, 44.048 0.185, 44.0525 0.185, 44.0525 0.215), (44.0625 0.215, 44.0605 0.215, 44.0575 0.215, 44.0575 0.185, 44.058099999999996 0.185, 44.0625 0.185, 44.0625 0.215), (44.0725 0.215, 44.071 0.215, 44.0675 0.215, 44.0675 0.185, 44.068200000000004 0.185, 44.0725 0.185, 44.0725 0.215), (44.0825 0.215, 44.0815 0.215, 44.0775 0.215, 44.0775 0.185, 44.078300000000006 0.185, 44.0825 0.185, 44.0825 0.215), (44.0925 0.215, 44.092 0.215, 44.0875 0.215, 44.0875 0.185, 44.0884 0.185, 44.0925 0.185, 44.0925 0.215), (44.0975 0.215, 44.0975 0.185, 44.0985 0.185, 44.1025 0.185, 44.1025 0.215, 44.0975 0.215), (43.9975 0.135, 44.0025 0.135, 44.0025 0.155, 43.9975 0.155, 43.9975 0.135), (44.048 0.155, 44.0475 0.155, 44.0475 0.145, 44.0525 0.145, 44.0525 0.155, 44.048 0.155), (44.0985 0.155, 44.0975 0.155, 44.0975 0.135, 44.1025 0.135, 44.1025 0.155, 44.0985 0.155), (43.735 0.0975, 43.755 0.0975, 43.755 0.1025, 43.735 0.1025, 43.735 0.0975), (44.135 0.1025, 44.135 0.0975, 44.155 0.0975, 44.155 0.098, 44.155 0.1025, 44.135 0.1025), (44.215 0.1025, 44.185 0.1025, 44.185 0.098, 44.185 0.0975, 44.215 0.0975, 44.215 0.0995, 44.215 0.1025), (44.245 0.1025, 44.245 0.0995, 44.245 0.0975, 44.265 0.0975, 44.265 0.1025, 44.245 0.1025), (44.215 0.0925, 44.185 0.0925, 44.185 0.08795, 44.185 0.0875, 44.215 0.0875, 44.215 0.0893, 44.215 0.0925), (44.003 -0.0175, 44.003 -0.0075, 44.003 -0.003, 44.09 -0.003, 44.09 0.0025, 44.09 0.003, 44.003 0.003, 44.003 0.0125, 44.003 0.0225, 44.003 0.0325, 44.003 0.059192, 44.003 0.0625, 44.003 0.0725, 44.003 0.0825, 44.003 0.09, 43.997 0.09, 43.997 0.003, 43.91 0.003, 43.91 -0.003, 43.997 -0.003, 43.997 -0.09, 44.003 -0.09, 44.003 -0.0875, 44.003 -0.0775, 44.003 -0.0675, 44.003 -0.040808, 44.003 -0.0375, 44.003 -0.0275, 44.003 -0.0175), (44.215 0.0825, 44.185 0.0825, 44.185 0.0779, 44.185 0.0775, 44.215 0.0775, 44.215 0.0791, 44.215 0.0825), (44.215 0.0725, 44.185 0.0725, 44.185 0.06785, 44.185 0.0675, 44.215 0.0675, 44.215 0.0689, 44.215 0.0725), (44.215 0.0625, 44.185 0.0625, 44.185 0.0578, 44.185 0.0575, 44.215 0.0575, 44.215 0.0587, 44.215 0.0625), (44.040808000000006 0.04505, 44.04505 0.040808, 44.046742 0.0425, 44.056742 0.0525, 44.059192 0.05495, 44.054950000000005 0.059192, 44.040808000000006 0.04505), (44.215 0.0425, 44.185 0.0425, 44.185 0.0377, 44.185 0.0375, 44.215 0.0375, 44.215 0.0383, 44.215 0.0425), (44.145 0.0525, 44.145 0.0475, 44.155 0.0475, 44.155 0.04775, 44.155 0.0525, 44.145 0.0525), (44.215 0.0525, 44.185 0.0525, 44.185 0.04775, 44.185 0.0475, 44.215 0.0475, 44.215 0.0485, 44.215 0.0525), (44.245 0.0525, 44.245 0.0485, 44.245 0.0475, 44.255 0.0475, 44.255 0.0525, 44.245 0.0525), (44.215 0.0325, 44.185 0.0325, 44.185 0.02765, 44.185 0.0275, 44.215 0.0275, 44.215 0.0281, 44.215 0.0325), (44.215 0.0175, 44.215 0.0179, 44.215 0.0225, 44.185 0.0225, 44.185 0.0176, 44.185 0.0175, 44.215 0.0175), (44.215 0.0075, 44.215 0.0077, 44.215 0.0125, 44.185 0.0125, 44.185 0.00755, 44.185 0.0075, 44.215 0.0075), (44.135 -0.0025, 44.155 -0.0025, 44.155 0.0025, 44.135 0.0025, 44.135 -0.0025), (44.185 -0.0025, 44.215 -0.0025, 44.215 0.0025, 44.185 0.0025, 44.185 -0.0025), (44.245 -0.0025, 44.265 -0.0025, 44.265 0.0025, 44.245 0.0025, 44.245 -0.0025), (44.040808000000006 -0.04505, 44.054950000000005 -0.059192, 44.056642 -0.0575, 44.059192 -0.05495, 44.051742 -0.0475, 44.04505 -0.040808, 44.040808000000006 -0.04505), (43.941808 0.05395, 43.95595 0.039808, 43.960192 0.04405, 43.94605 0.058192, 43.941808 0.05395), (43.940808000000004 -0.05495, 43.94505 -0.059192, 43.959192 -0.04505, 43.954950000000004 -0.040808, 43.940808000000004 -0.05495), (43.735 -0.1025, 43.755 -0.1025, 43.755 -0.0975, 43.735 -0.0975, 43.735 -0.1025)))